t,count,max,mean,min,stddev,p50,p75,p95,p98,p99,p999
1552261076,2,4,3.485004,3,0.499775,3.000000,4.000000,4.000000,4.000000,4.000000,4.000000
1552261086,5,4,2.745282,2,0.735719,3.000000,3.000000,4.000000,4.000000,4.000000,4.000000
1552261096,5,4,2.745282,2,0.735719,3.000000,3.000000,4.000000,4.000000,4.000000,4.000000
1552261106,6,4,2.799030,2,0.661716,3.000000,3.000000,4.000000,4.000000,4.000000,4.000000
1552261116,8,4,2.532038,2,0.658488,2.000000,3.000000,4.000000,4.000000,4.000000,4.000000
