t,count,max,mean,min,stddev,p50,p75,p95,p98,p99,p999
1552261076,255,11,2.050384,1,0.864508,2.000000,2.000000,3.000000,4.000000,6.000000,11.000000
1552261086,420,11,2.008445,1,0.817104,2.000000,2.000000,2.000000,4.000000,5.000000,11.000000
1552261096,616,11,1.976925,1,0.670267,2.000000,2.000000,2.000000,3.000000,4.000000,11.000000
1552261106,681,11,1.979937,1,0.647801,2.000000,2.000000,2.000000,3.000000,4.000000,11.000000
1552261116,919,14,1.994389,1,0.768223,2.000000,2.000000,2.000000,4.000000,4.000000,14.000000
