t,count,max,mean,min,stddev,p50,p75,p95,p98,p99,p999
1554847740,289,47,43.608367,42,2.335592,42.000000,47.000000,47.000000,47.000000,47.000000,47.000000
1554847750,588,52,44.251746,42,2.525492,42.000000,47.000000,47.000000,47.000000,47.000000,52.000000
1554847760,890,52,44.365786,42,2.519463,42.000000,47.000000,47.000000,47.000000,47.000000,52.000000
1554847770,1189,52,44.234922,42,2.504013,42.000000,47.000000,47.000000,47.000000,47.000000,52.000000
1554847780,1488,52,44.258134,42,2.496422,42.000000,47.000000,47.000000,47.000000,47.000000,47.000000
1554847790,1788,47,44.352811,42,2.495663,42.000000,47.000000,47.000000,47.000000,47.000000,47.000000
1554847800,2088,47,44.149579,42,2.475319,42.000000,47.000000,47.000000,47.000000,47.000000,47.000000
1554847810,2388,47,44.071051,42,2.462926,42.000000,47.000000,47.000000,47.000000,47.000000,47.000000
1554847820,2689,47,44.241458,42,2.486595,42.000000,47.000000,47.000000,47.000000,47.000000,47.000000
1554847830,2988,47,44.301795,42,2.492131,42.000000,47.000000,47.000000,47.000000,47.000000,47.000000
1554847840,3288,52,44.630689,42,2.510831,47.000000,47.000000,47.000000,47.000000,47.000000,52.000000
1554847850,3588,52,44.688058,42,2.505386,47.000000,47.000000,47.000000,47.000000,47.000000,52.000000
1554847860,3889,52,44.855483,42,2.485609,47.000000,47.000000,47.000000,47.000000,47.000000,52.000000
1554847870,4189,52,45.019466,42,2.471091,47.000000,47.000000,47.000000,47.000000,47.000000,52.000000
1554847880,4488,52,44.820120,42,2.518082,47.000000,47.000000,47.000000,47.000000,47.000000,52.000000
1554847890,4788,52,44.870359,42,2.506072,47.000000,47.000000,47.000000,47.000000,47.000000,52.000000
1554847900,5088,52,44.549463,40,2.617630,45.000000,47.000000,47.000000,47.000000,47.000000,52.000000
1554847910,5388,56,45.404325,40,4.036395,45.000000,47.000000,56.000000,56.000000,56.000000,56.000000
1554847920,5688,56,47.572171,40,5.143814,47.000000,51.000000,56.000000,56.000000,56.000000,56.000000
1554847930,5988,56,49.359903,40,5.422662,51.000000,56.000000,56.000000,56.000000,56.000000,56.000000
