t,count,max,mean,min,stddev,p50,p75,p95,p98,p99,p999
1554847740,0,0,0.000000,0,0.000000,0.000000,0.000000,0.000000,0.000000,0.000000,0.000000
1554847750,0,0,0.000000,0,0.000000,0.000000,0.000000,0.000000,0.000000,0.000000,0.000000
1554847760,1,746,746.000000,746,0.000000,746.000000,746.000000,746.000000,746.000000,746.000000,746.000000
1554847770,1,746,746.000000,746,0.000000,746.000000,746.000000,746.000000,746.000000,746.000000,746.000000
1554847780,2,746,392.121601,126,306.878944,126.000000,746.000000,746.000000,746.000000,746.000000,746.000000
1554847790,2,746,392.121601,126,306.878944,126.000000,746.000000,746.000000,746.000000,746.000000,746.000000
1554847800,2,746,392.121601,126,306.878944,126.000000,746.000000,746.000000,746.000000,746.000000,746.000000
1554847810,2,746,392.121601,126,306.878944,126.000000,746.000000,746.000000,746.000000,746.000000,746.000000
1554847820,3,746,248.902611,107,259.216307,107.000000,126.000000,746.000000,746.000000,746.000000,746.000000
1554847830,3,746,248.902611,107,259.216307,107.000000,126.000000,746.000000,746.000000,746.000000,746.000000
1554847840,3,746,248.902611,107,259.216307,107.000000,126.000000,746.000000,746.000000,746.000000,746.000000
1554847850,3,746,248.902611,107,259.216307,107.000000,126.000000,746.000000,746.000000,746.000000,746.000000
1554847860,3,746,248.902611,107,259.216307,107.000000,126.000000,746.000000,746.000000,746.000000,746.000000
1554847870,3,746,248.902611,107,259.216307,107.000000,126.000000,746.000000,746.000000,746.000000,746.000000
1554847880,3,746,248.902611,107,259.216307,107.000000,126.000000,746.000000,746.000000,746.000000,746.000000
1554847890,3,746,248.902611,107,259.216307,107.000000,126.000000,746.000000,746.000000,746.000000,746.000000
1554847900,4,895,643.659129,107,354.058604,895.000000,895.000000,895.000000,895.000000,895.000000,895.000000
1554847910,4,895,643.659129,107,354.058604,895.000000,895.000000,895.000000,895.000000,895.000000,895.000000
1554847920,4,895,643.659129,107,354.058604,895.000000,895.000000,895.000000,895.000000,895.000000,895.000000
1554847930,4,895,643.659129,107,354.058604,895.000000,895.000000,895.000000,895.000000,895.000000,895.000000
