t,count,max,mean,min,stddev,p50,p75,p95,p98,p99,p999
1554847750,0,0,0.000000,0,0.000000,0.000000,0.000000,0.000000,0.000000,0.000000,0.000000
1554847760,0,0,0.000000,0,0.000000,0.000000,0.000000,0.000000,0.000000,0.000000,0.000000
1554847770,2,593,289.152654,3,294.867300,3.000000,593.000000,593.000000,593.000000,593.000000,593.000000
1554847780,2,593,289.152654,3,294.867300,3.000000,593.000000,593.000000,593.000000,593.000000,593.000000
1554847790,3,749,476.064644,3,320.344796,593.000000,749.000000,749.000000,749.000000,749.000000,749.000000
1554847800,4,749,363.574456,3,319.010697,99.000000,749.000000,749.000000,749.000000,749.000000,749.000000
1554847810,5,749,340.821409,3,275.310506,279.000000,593.000000,749.000000,749.000000,749.000000,749.000000
1554847820,6,749,409.607266,3,270.772905,593.000000,633.000000,749.000000,749.000000,749.000000,749.000000
1554847830,6,749,409.607266,3,270.772905,593.000000,633.000000,749.000000,749.000000,749.000000,749.000000
1554847840,8,936,451.872725,3,343.737482,593.000000,749.000000,936.000000,936.000000,936.000000,936.000000
1554847850,8,936,451.872725,3,343.737482,593.000000,749.000000,936.000000,936.000000,936.000000,936.000000
1554847860,8,936,451.872725,3,343.737482,593.000000,749.000000,936.000000,936.000000,936.000000,936.000000
1554847870,8,936,451.872725,3,343.737482,593.000000,749.000000,936.000000,936.000000,936.000000,936.000000
1554847880,9,936,563.843863,3,344.540916,633.000000,859.000000,936.000000,936.000000,936.000000,936.000000
1554847890,9,936,563.843863,3,344.540916,633.000000,859.000000,936.000000,936.000000,936.000000,936.000000
1554847900,9,936,563.843863,3,344.540916,633.000000,859.000000,936.000000,936.000000,936.000000,936.000000
1554847910,9,936,563.843863,3,344.540916,633.000000,859.000000,936.000000,936.000000,936.000000,936.000000
1554847920,9,936,563.843863,3,344.540916,633.000000,859.000000,936.000000,936.000000,936.000000,936.000000
1554847930,9,936,563.843863,3,344.540916,633.000000,859.000000,936.000000,936.000000,936.000000,936.000000
