t,count,max,mean,min,stddev,p50,p75,p95,p98,p99,p999
1554847750,3,24,15.971954,3,9.251855,21.000000,24.000000,24.000000,24.000000,24.000000,24.000000
1554847760,8,353,103.838444,3,146.810680,19.000000,353.000000,353.000000,353.000000,353.000000,353.000000
1554847770,13,353,66.103548,3,118.388898,18.000000,21.000000,353.000000,353.000000,353.000000,353.000000
1554847780,17,353,75.639828,3,127.260906,18.000000,21.000000,353.000000,353.000000,353.000000,353.000000
1554847790,22,946,161.569381,3,291.012282,18.000000,24.000000,946.000000,946.000000,946.000000,946.000000
1554847800,27,946,123.365018,3,259.164499,17.000000,19.000000,847.000000,946.000000,946.000000,946.000000
1554847810,31,946,125.327214,3,252.192465,16.000000,19.000000,847.000000,946.000000,946.000000,946.000000
1554847820,35,946,104.332627,3,232.705049,14.000000,18.000000,847.000000,946.000000,946.000000,946.000000
1554847830,41,951,127.369986,3,261.865919,15.000000,23.000000,946.000000,951.000000,951.000000,951.000000
1554847840,44,951,164.762592,3,296.554326,16.000000,140.000000,946.000000,951.000000,951.000000,951.000000
1554847850,49,951,164.845477,3,298.748381,14.000000,140.000000,939.000000,951.000000,951.000000,951.000000
1554847860,53,951,183.929536,3,317.300201,17.000000,140.000000,939.000000,951.000000,951.000000,951.000000
1554847870,55,951,174.462086,3,305.506565,17.000000,140.000000,939.000000,951.000000,951.000000,951.000000
1554847880,60,951,143.591479,2,282.120175,15.000000,132.000000,935.000000,946.000000,951.000000,951.000000
1554847890,64,951,167.488872,2,280.883421,16.000000,135.000000,935.000000,946.000000,951.000000,951.000000
1554847900,69,951,158.662091,2,270.156898,15.000000,135.000000,935.000000,939.000000,951.000000,951.000000
1554847910,74,951,136.830861,2,251.092564,15.000000,130.000000,754.000000,939.000000,946.000000,951.000000
1554847920,79,951,119.179022,2,233.384512,13.000000,124.000000,754.000000,939.000000,946.000000,951.000000
1554847930,83,951,139.126094,2,242.384019,13.000000,130.000000,531.000000,935.000000,946.000000,951.000000
