t,count,max,mean,min,stddev,p50,p75,p95,p98,p99,p999
1554847760,3,1445,563.164852,56,625.913360,193.000000,1445.000000,1445.000000,1445.000000,1445.000000,1445.000000
1554847770,8,1445,927.876592,56,587.951330,1320.000000,1371.000000,1445.000000,1445.000000,1445.000000,1445.000000
1554847780,13,1488,851.213390,56,587.305538,1320.000000,1389.000000,1488.000000,1488.000000,1488.000000,1488.000000
1554847790,18,1488,804.824520,56,583.893785,295.000000,1389.000000,1488.000000,1488.000000,1488.000000,1488.000000
1554847800,23,1488,801.040904,56,570.841672,576.000000,1403.000000,1485.000000,1488.000000,1488.000000,1488.000000
1554847810,28,1491,766.028048,56,555.262133,526.000000,1403.000000,1491.000000,1491.000000,1491.000000,1491.000000
1554847820,33,1491,704.767058,22,539.435308,526.000000,1367.000000,1488.000000,1491.000000,1491.000000,1491.000000
1554847830,38,1491,697.900297,22,542.857396,371.000000,1356.000000,1488.000000,1491.000000,1491.000000,1491.000000
1554847840,43,1491,605.424053,22,527.683886,307.000000,1211.000000,1485.000000,1491.000000,1491.000000,1491.000000
1554847850,48,1491,621.907834,22,521.126942,369.000000,1211.000000,1485.000000,1491.000000,1491.000000,1491.000000
1554847860,53,1513,632.605249,22,532.330042,321.000000,1231.000000,1491.000000,1513.000000,1513.000000,1513.000000
1554847870,58,1513,607.969413,22,527.767861,320.000000,1231.000000,1488.000000,1513.000000,1513.000000,1513.000000
1554847880,63,1513,629.557512,16,546.617851,320.000000,1231.000000,1485.000000,1513.000000,1513.000000,1513.000000
1554847890,68,1513,625.539502,11,567.351412,307.000000,1272.000000,1492.000000,1513.000000,1513.000000,1513.000000
1554847900,73,1513,587.671032,0,549.185309,306.000000,1211.000000,1491.000000,1492.000000,1513.000000,1513.000000
1554847910,78,1513,579.574088,0,521.484125,369.000000,971.000000,1488.000000,1492.000000,1513.000000,1513.000000
1554847920,83,1513,575.496244,0,510.693849,413.000000,971.000000,1447.000000,1492.000000,1513.000000,1513.000000
1554847930,88,1513,629.859226,0,514.844600,460.000000,1092.000000,1446.000000,1492.000000,1513.000000,1513.000000
