t,count,max,mean,min,stddev,p50,p75,p95,p98,p99,p999
1552428023,346,189,2.693584,0,15.125128,0.000000,0.000000,11.000000,22.000000,33.000000,189.000000
1552428053,1395,725,3.056342,0,26.762863,0.000000,0.000000,11.000000,22.000000,40.000000,725.000000
1552428083,2554,247,2.023272,0,11.904991,0.000000,0.000000,11.000000,22.000000,31.000000,247.000000
1552428113,3662,689,3.204241,0,25.570723,0.000000,0.000000,11.000000,31.000000,40.000000,689.000000
1552428143,4757,1412,4.788101,0,56.764563,0.000000,0.000000,11.000000,22.000000,33.000000,1412.000000
1552428173,5923,247,2.515104,0,9.106632,0.000000,0.000000,11.000000,22.000000,25.000000,89.000000
1552428203,7096,247,2.006685,0,7.472949,0.000000,0.000000,11.000000,22.000000,25.000000,67.000000
