t,count,max,mean,min,stddev,p50,p75,p95,p98,p99,p999
1552428023,148,66,31.937772,13,8.697419,33.000000,33.000000,50.000000,50.000000,50.000000,66.000000
1552428053,665,67,29.620905,11,9.977763,33.000000,33.000000,50.000000,50.000000,51.000000,67.000000
1552428083,1176,67,26.769819,11,10.611181,33.000000,33.000000,50.000000,50.000000,51.000000,67.000000
1552428113,1626,67,25.512708,13,10.764325,17.000000,33.000000,50.000000,50.000000,51.000000,67.000000
1552428143,2516,83,23.275341,7,10.942856,17.000000,33.000000,50.000000,50.000000,51.000000,83.000000
1552428173,2892,83,26.891560,7,11.214865,33.000000,33.000000,50.000000,50.000000,51.000000,67.000000
1552428203,3568,67,26.010593,12,11.381616,17.000000,33.000000,50.000000,50.000000,66.000000,67.000000
