t,count,max,mean,min,stddev,p50,p75,p95,p98,p99,p999
1554652306,7,967,574.114000,49,260.374360,517.000000,800.000000,967.000000,967.000000,967.000000,967.000000
1554652316,12,1000,641.943781,49,234.265801,600.000000,810.000000,1000.000000,1000.000000,1000.000000,1000.000000
1554652326,17,1000,569.967709,32,289.746855,555.000000,800.000000,1000.000000,1000.000000,1000.000000,1000.000000
1554652336,21,1000,526.585458,15,319.189495,534.000000,800.000000,999.000000,1000.000000,1000.000000,1000.000000
1554652346,27,1000,518.208655,15,320.451917,534.000000,683.000000,999.000000,1000.000000,1000.000000,1000.000000
1554652356,30,1000,445.036900,15,344.011427,517.000000,636.000000,999.000000,1000.000000,1000.000000,1000.000000
1554652366,31,1000,451.138693,15,336.266341,517.000000,636.000000,999.000000,1000.000000,1000.000000,1000.000000
