t,count,max,mean,min,stddev,p50,p75,p95,p98,p99,p999
1552245076,36,4,1.693760,0,0.775390,2.000000,2.000000,3.000000,4.000000,4.000000,4.000000
1552245086,434,29,1.414845,0,2.034459,1.000000,2.000000,2.000000,2.000000,4.000000,29.000000
1552245096,600,29,1.282525,0,1.757320,1.000000,1.000000,2.000000,2.000000,5.000000,29.000000
1552245106,957,45,1.494336,0,3.019445,1.000000,2.000000,2.000000,6.000000,12.000000,45.000000
1552245116,1210,51,1.514335,0,3.432432,1.000000,2.000000,2.000000,6.000000,12.000000,51.000000
1552245126,1371,51,1.448525,0,3.268734,1.000000,1.000000,2.000000,3.000000,10.000000,51.000000
1552245136,1649,51,1.362520,0,2.771677,1.000000,1.000000,2.000000,3.000000,6.000000,45.000000
1552245146,1841,51,1.381699,0,3.015889,1.000000,1.000000,2.000000,2.000000,6.000000,45.000000
