t,count,max,mean,min,stddev,p50,p75,p95,p98,p99,p999
1552245076,0,0,0.000000,0,0.000000,0.000000,0.000000,0.000000,0.000000,0.000000,0.000000
1552245086,0,0,0.000000,0,0.000000,0.000000,0.000000,0.000000,0.000000,0.000000,0.000000
1552245096,0,0,0.000000,0,0.000000,0.000000,0.000000,0.000000,0.000000,0.000000,0.000000
1552245106,0,0,0.000000,0,0.000000,0.000000,0.000000,0.000000,0.000000,0.000000,0.000000
1552245116,0,0,0.000000,0,0.000000,0.000000,0.000000,0.000000,0.000000,0.000000,0.000000
1552245126,1,360,360.000000,360,0.000000,360.000000,360.000000,360.000000,360.000000,360.000000,360.000000
1552245136,1,360,360.000000,360,0.000000,360.000000,360.000000,360.000000,360.000000,360.000000,360.000000
1552245146,2,360,153.775136,1,177.499385,1.000000,360.000000,360.000000,360.000000,360.000000,360.000000
