t,count,max,mean,min,stddev,p50,p75,p95,p98,p99,p999
1552245076,46,7,1.782082,0,0.952312,2.000000,2.000000,2.000000,7.000000,7.000000,7.000000
1552245086,204,7,1.202590,0,0.883293,1.000000,1.000000,2.000000,2.000000,7.000000,7.000000
1552245096,478,23,1.133090,0,1.320262,1.000000,1.000000,2.000000,2.000000,7.000000,23.000000
1552245106,846,23,1.143510,0,1.366956,1.000000,1.000000,2.000000,2.000000,5.000000,23.000000
1552245116,1044,23,1.114328,0,1.231947,1.000000,1.000000,2.000000,2.000000,4.000000,16.000000
1552245126,1184,23,1.100147,0,1.163064,1.000000,1.000000,2.000000,2.000000,3.000000,16.000000
1552245136,1507,28,1.149014,0,1.569604,1.000000,1.000000,2.000000,3.000000,4.000000,28.000000
1552245146,1539,28,1.154458,0,1.555170,1.000000,1.000000,2.000000,3.000000,4.000000,28.000000
