t,count,max,mean,min,stddev,p50,p75,p95,p98,p99,p999
1552245076,46,33,17.424651,10,4.495462,16.000000,17.000000,31.000000,33.000000,33.000000,33.000000
1552245086,204,70,18.475189,3,8.331472,16.000000,17.000000,33.000000,50.000000,66.000000,70.000000
1552245096,478,70,20.411767,3,10.294576,17.000000,18.000000,48.000000,50.000000,64.000000,70.000000
1552245106,846,70,21.002184,3,10.781579,17.000000,19.000000,49.000000,50.000000,62.000000,70.000000
1552245116,1044,70,21.976980,3,11.291859,17.000000,28.000000,49.000000,50.000000,62.000000,70.000000
1552245126,1184,70,23.360561,5,11.847692,18.000000,31.000000,49.000000,52.000000,64.000000,70.000000
1552245136,1507,77,22.394577,5,11.354686,18.000000,29.000000,48.000000,50.000000,61.000000,77.000000
1552245146,1539,77,22.970941,5,11.534620,19.000000,31.000000,48.000000,50.000000,61.000000,77.000000
