t,count,max,mean,min,stddev,p50,p75,p95,p98,p99,p999
1552245076,0,0,0.000000,0,0.000000,0.000000,0.000000,0.000000,0.000000,0.000000,0.000000
1552245086,1,2,2.000000,2,0.000000,2.000000,2.000000,2.000000,2.000000,2.000000,2.000000
1552245096,2,2,1.473774,1,0.499312,1.000000,2.000000,2.000000,2.000000,2.000000,2.000000
1552245106,3,2,0.904152,0,0.817298,1.000000,2.000000,2.000000,2.000000,2.000000,2.000000
1552245116,4,3,1.533650,0,1.179157,2.000000,3.000000,3.000000,3.000000,3.000000,3.000000
1552245126,4,3,1.533650,0,1.179157,2.000000,3.000000,3.000000,3.000000,3.000000,3.000000
1552245136,7,3,1.417114,0,0.875497,1.000000,2.000000,3.000000,3.000000,3.000000,3.000000
1552245146,7,3,1.417114,0,0.875497,1.000000,2.000000,3.000000,3.000000,3.000000,3.000000
