t,count,max,mean,min,stddev,p50,p75,p95,p98,p99,p999
1552245076,0,0,0.000000,0,0.000000,0.000000,0.000000,0.000000,0.000000,0.000000,0.000000
1552245086,1,774,774.000000,774,0.000000,774.000000,774.000000,774.000000,774.000000,774.000000,774.000000
1552245096,2,774,464.052939,185,294.094608,185.000000,774.000000,774.000000,774.000000,774.000000,774.000000
1552245106,3,774,287.012902,6,320.644146,185.000000,774.000000,774.000000,774.000000,774.000000,774.000000
1552245116,4,785,436.585722,6,352.201214,774.000000,785.000000,785.000000,785.000000,785.000000,785.000000
1552245126,4,785,436.585722,6,352.201214,774.000000,785.000000,785.000000,785.000000,785.000000,785.000000
1552245136,7,819,490.819964,6,312.910725,600.000000,785.000000,819.000000,819.000000,819.000000,819.000000
1552245146,7,819,490.819964,6,312.910725,600.000000,785.000000,819.000000,819.000000,819.000000,819.000000
