t,count,max,mean,min,stddev,p50,p75,p95,p98,p99,p999
1554652306,183,99,40.153832,11,14.536180,33.000000,49.000000,67.000000,67.000000,73.000000,99.000000
1554652316,425,99,40.850143,11,15.645238,33.000000,50.000000,67.000000,84.000000,84.000000,99.000000
1554652326,644,100,42.701989,11,16.956382,34.000000,52.000000,67.000000,84.000000,86.000000,100.000000
1554652336,857,126,43.986714,4,18.336127,34.000000,66.000000,70.000000,86.000000,99.000000,126.000000
1554652346,1080,126,44.419020,3,18.566671,34.000000,66.000000,72.000000,85.000000,99.000000,126.000000
1554652356,1296,126,44.979849,3,18.786465,34.000000,66.000000,72.000000,85.000000,100.000000,123.000000
1554652366,1497,126,46.336642,3,19.183474,38.000000,66.000000,74.000000,87.000000,100.000000,123.000000
