t,count,max,mean,min,stddev,p50,p75,p95,p98,p99,p999
1554847757,3,20,10.160576,4,7.161423,6.000000,20.000000,20.000000,20.000000,20.000000,20.000000
1554847767,7,251,86.883825,4,112.000124,19.000000,251.000000,251.000000,251.000000,251.000000,251.000000
1554847777,12,251,54.282108,3,88.987183,17.000000,34.000000,251.000000,251.000000,251.000000,251.000000
1554847787,16,251,40.419739,3,77.445905,15.000000,19.000000,251.000000,251.000000,251.000000,251.000000
1554847797,21,646,85.924487,3,170.580567,15.000000,20.000000,646.000000,646.000000,646.000000,646.000000
1554847807,25,852,114.057267,3,233.212553,15.000000,20.000000,852.000000,852.000000,852.000000,852.000000
1554847817,29,852,92.722706,3,212.928513,7.000000,17.000000,646.000000,852.000000,852.000000,852.000000
1554847827,34,852,96.956332,3,214.009127,8.000000,17.000000,646.000000,852.000000,852.000000,852.000000
1554847837,39,852,116.224413,3,246.239852,8.000000,20.000000,834.000000,852.000000,852.000000,852.000000
1554847847,44,852,96.730312,3,224.423312,11.000000,19.000000,834.000000,852.000000,852.000000,852.000000
1554847857,48,852,122.395589,3,252.032864,13.000000,36.000000,841.000000,841.000000,852.000000,852.000000
1554847867,53,852,127.982723,3,260.917625,10.000000,34.000000,834.000000,841.000000,852.000000,852.000000
1554847877,55,855,153.307033,3,288.674900,11.000000,39.000000,852.000000,855.000000,855.000000,855.000000
1554847887,58,855,136.560547,3,274.103991,14.000000,36.000000,841.000000,855.000000,855.000000,855.000000
1554847897,63,855,130.326645,3,258.167785,15.000000,36.000000,841.000000,855.000000,855.000000,855.000000
1554847907,67,855,127.726073,3,247.187067,15.000000,36.000000,834.000000,855.000000,855.000000,855.000000
1554847917,72,855,121.752407,3,233.667977,15.000000,34.000000,834.000000,852.000000,855.000000,855.000000
1554847927,77,855,102.972507,3,216.823264,15.000000,22.000000,740.000000,852.000000,855.000000,855.000000
