t,count,max,mean,min,stddev,p50,p75,p95,p98,p99,p999
1554846920,214,105,4.223950,0,11.837460,0.000000,0.000000,22.000000,39.000000,63.000000,105.000000
1554846930,469,105,4.593998,0,10.696973,0.000000,0.000000,25.000000,33.000000,50.000000,105.000000
1554846940,751,105,4.380864,0,11.229878,0.000000,0.000000,22.000000,39.000000,63.000000,105.000000
1554846950,1008,105,4.489764,0,10.523691,0.000000,0.000000,22.000000,33.000000,47.000000,89.000000
1554846960,1277,200,4.907621,0,13.443003,0.000000,0.000000,22.000000,40.000000,71.000000,200.000000
1554846970,1527,200,4.868032,0,13.014316,0.000000,0.000000,22.000000,44.000000,50.000000,200.000000
1554846980,1778,126,5.174037,0,13.116164,0.000000,11.000000,25.000000,44.000000,71.000000,126.000000
