t,count,max,mean,min,stddev,p50,p75,p95,p98,p99,p999
1554846900,18,90,41.555556,24,18.221545,33.000000,44.000000,90.000000,90.000000,90.000000,90.000000
1554846910,262,111,41.161423,1,17.963167,34.000000,50.000000,70.000000,86.000000,96.000000,111.000000
1554846920,504,127,41.390536,1,18.200855,35.000000,50.000000,71.000000,87.000000,88.000000,127.000000
1554846930,790,127,38.554749,1,16.283759,34.000000,44.000000,68.000000,86.000000,87.000000,127.000000
1554846940,1063,128,37.991938,1,15.997496,34.000000,43.000000,67.000000,83.000000,87.000000,128.000000
1554846950,1319,162,38.268314,1,16.298269,35.000000,44.000000,67.000000,80.000000,87.000000,162.000000
1554846960,1603,162,37.079601,1,15.730797,34.000000,44.000000,66.000000,76.000000,83.000000,162.000000
1554846970,1867,162,37.550867,1,16.686272,35.000000,45.000000,67.000000,78.000000,82.000000,162.000000
1554846980,2141,162,37.739131,1,16.728834,37.000000,46.000000,67.000000,78.000000,83.000000,128.000000
