t,count,max,mean,min,stddev,p50,p75,p95,p98,p99,p999
1554846900,124,108,38.480883,16,14.471030,34.000000,40.000000,67.000000,75.000000,91.000000,108.000000
1554846910,351,108,42.170699,1,18.150698,35.000000,55.000000,70.000000,84.000000,91.000000,108.000000
1554846920,601,112,41.311100,1,18.957425,35.000000,51.000000,73.000000,86.000000,93.000000,112.000000
1554846930,872,121,39.619901,1,17.878899,34.000000,47.000000,69.000000,84.000000,91.000000,121.000000
1554846940,1155,121,37.833282,1,16.607153,34.000000,44.000000,68.000000,78.000000,89.000000,112.000000
1554846950,1420,134,38.086585,1,17.395242,35.000000,45.000000,69.000000,83.000000,89.000000,134.000000
1554846960,1677,200,38.042019,1,19.096626,35.000000,46.000000,71.000000,86.000000,93.000000,200.000000
1554846970,1922,200,38.932581,1,21.715092,36.000000,47.000000,79.000000,101.000000,119.000000,200.000000
1554846980,2092,390,43.781124,1,36.618179,38.000000,49.000000,95.000000,152.000000,246.000000,390.000000
