t,count,max,mean,min,stddev,p50,p75,p95,p98,p99,p999
1554846900,0,0,0.000000,0,0.000000,0.000000,0.000000,0.000000,0.000000,0.000000,0.000000
1554846910,1,653,653.000000,653,0.000000,653.000000,653.000000,653.000000,653.000000,653.000000,653.000000
1554846920,2,764,713.068390,653,55.311661,764.000000,764.000000,764.000000,764.000000,764.000000,764.000000
1554846930,2,764,713.068390,653,55.311661,764.000000,764.000000,764.000000,764.000000,764.000000,764.000000
1554846940,2,764,713.068390,653,55.311661,764.000000,764.000000,764.000000,764.000000,764.000000,764.000000
1554846950,2,764,713.068390,653,55.311661,764.000000,764.000000,764.000000,764.000000,764.000000,764.000000
1554846960,2,764,713.068390,653,55.311661,764.000000,764.000000,764.000000,764.000000,764.000000,764.000000
1554846970,2,764,713.068390,653,55.311661,764.000000,764.000000,764.000000,764.000000,764.000000,764.000000
1554846980,2,764,713.068390,653,55.311661,764.000000,764.000000,764.000000,764.000000,764.000000,764.000000
