t,count,max,mean,min,stddev,p50,p75,p95,p98,p99,p999
1554846900,19,95,40.368421,1,22.098370,34.000000,51.000000,95.000000,95.000000,95.000000,95.000000
1554846910,241,104,44.678360,1,20.237013,38.000000,66.000000,79.000000,92.000000,95.000000,104.000000
1554846920,508,152,40.754785,1,19.181503,34.000000,50.000000,69.000000,90.000000,104.000000,152.000000
1554846930,786,217,38.629450,1,17.906781,34.000000,43.000000,67.000000,84.000000,93.000000,217.000000
1554846940,1073,217,37.446960,1,16.163401,34.000000,42.000000,67.000000,78.000000,91.000000,217.000000
1554846950,1330,217,37.556285,1,16.209797,34.000000,42.000000,67.000000,78.000000,87.000000,159.000000
1554846960,1589,199,37.983921,1,16.503850,35.000000,44.000000,67.000000,79.000000,84.000000,199.000000
1554846970,1841,199,38.455361,1,17.615847,35.000000,45.000000,68.000000,82.000000,89.000000,199.000000
1554846980,2099,199,38.942525,1,17.656967,36.000000,46.000000,68.000000,85.000000,91.000000,199.000000
