t,count,max,mean,min,stddev,p50,p75,p95,p98,p99,p999
1554846920,270,126,36.680475,2,16.372312,34.000000,42.000000,67.000000,84.000000,100.000000,126.000000
1554846930,518,179,38.265727,2,17.078938,34.000000,43.000000,70.000000,84.000000,93.000000,179.000000
1554846940,795,179,37.534581,2,16.644848,34.000000,42.000000,67.000000,83.000000,92.000000,179.000000
1554846950,1068,179,37.119267,1,17.112967,34.000000,42.000000,67.000000,84.000000,92.000000,165.000000
1554846960,1334,179,37.397086,1,17.560733,34.000000,45.000000,68.000000,84.000000,91.000000,154.000000
1554846970,1594,179,37.797964,1,17.738697,35.000000,47.000000,71.000000,84.000000,89.000000,126.000000
1554846980,1854,179,38.135342,1,18.614807,36.000000,49.000000,72.000000,84.000000,90.000000,137.000000
