t,count,max,mean,min,stddev,p50,p75,p95,p98,p99,p999
1554846910,5,549,129.032843,16,209.912099,27.000000,29.000000,549.000000,549.000000,549.000000,549.000000
1554846920,8,549,115.219256,10,165.936915,29.000000,145.000000,549.000000,549.000000,549.000000,549.000000
1554846930,13,549,74.327562,8,132.689858,27.000000,40.000000,549.000000,549.000000,549.000000,549.000000
1554846940,17,549,60.384643,8,113.958157,27.000000,29.000000,145.000000,549.000000,549.000000,549.000000
1554846950,22,774,106.106880,8,200.311839,27.000000,45.000000,774.000000,774.000000,774.000000,774.000000
1554846960,27,774,85.822172,8,175.924838,28.000000,35.000000,549.000000,774.000000,774.000000,774.000000
1554846970,31,774,90.346913,8,168.457114,28.000000,45.000000,549.000000,774.000000,774.000000,774.000000
1554846980,36,774,118.390898,8,204.303120,27.000000,54.000000,724.000000,774.000000,774.000000,774.000000
