t,count,max,mean,min,stddev,p50,p75,p95,p98,p99,p999
1554846910,0,0,0.000000,0,0.000000,0.000000,0.000000,0.000000,0.000000,0.000000,0.000000
1554846920,0,0,0.000000,0,0.000000,0.000000,0.000000,0.000000,0.000000,0.000000,0.000000
1554846930,1,974,974.000000,974,0.000000,974.000000,974.000000,974.000000,974.000000,974.000000,974.000000
1554846940,1,974,974.000000,974,0.000000,974.000000,974.000000,974.000000,974.000000,974.000000,974.000000
1554846950,1,974,974.000000,974,0.000000,974.000000,974.000000,974.000000,974.000000,974.000000,974.000000
1554846960,1,974,974.000000,974,0.000000,974.000000,974.000000,974.000000,974.000000,974.000000,974.000000
1554846970,2,974,927.245881,900,35.691136,900.000000,974.000000,974.000000,974.000000,974.000000,974.000000
1554846980,2,974,927.245881,900,35.691136,900.000000,974.000000,974.000000,974.000000,974.000000,974.000000
