t,count,max,mean,min,stddev,p50,p75,p95,p98,p99,p999
1554846906,208,63,5.323073,0,11.929001,0.000000,0.000000,31.000000,63.000000,63.000000,63.000000
1554846916,436,127,5.129510,0,12.681142,0.000000,0.000000,31.000000,44.000000,63.000000,127.000000
1554846926,711,127,4.862098,0,12.564034,0.000000,0.000000,31.000000,44.000000,63.000000,127.000000
1554846936,976,127,5.204936,0,13.560825,0.000000,0.000000,31.000000,46.000000,69.000000,122.000000
1554846946,1237,127,5.663039,0,13.772277,0.000000,11.000000,31.000000,46.000000,68.000000,122.000000
1554846956,1465,127,5.732389,0,14.140432,0.000000,11.000000,31.000000,47.000000,71.000000,122.000000
1554846966,1700,127,5.926579,0,13.967232,0.000000,11.000000,33.000000,50.000000,72.000000,122.000000
