t,count,max,mean,min,stddev,p50,p75,p95,p98,p99,p999
1554846906,232,78,5.645990,0,11.514645,0.000000,11.000000,31.000000,44.000000,56.000000,78.000000
1554846916,481,126,6.062708,0,13.658348,0.000000,11.000000,31.000000,56.000000,63.000000,126.000000
1554846926,740,126,6.037008,0,15.249831,0.000000,11.000000,31.000000,56.000000,79.000000,126.000000
1554846936,1003,200,6.149408,0,17.464856,0.000000,6.000000,31.000000,56.000000,111.000000,200.000000
1554846946,1267,200,5.471401,0,15.548563,0.000000,0.000000,25.000000,44.000000,79.000000,200.000000
1554846956,1524,200,7.940236,0,20.635916,0.000000,11.000000,40.000000,70.000000,111.000000,200.000000
1554846966,1756,189,7.213139,0,17.067541,0.000000,11.000000,33.000000,63.000000,97.000000,189.000000
