t,count,max,mean,min,stddev,p50,p75,p95,p98,p99,p999
1554846916,177,142,44.239117,5,22.658722,41.000000,58.000000,84.000000,102.000000,126.000000,142.000000
1554846926,433,154,40.845146,1,20.390082,35.000000,49.000000,76.000000,102.000000,116.000000,154.000000
1554846936,722,154,38.110206,1,17.714303,34.000000,44.000000,69.000000,84.000000,103.000000,154.000000
1554846946,992,154,37.827299,0,18.000969,35.000000,44.000000,69.000000,84.000000,108.000000,142.000000
1554846956,1257,159,37.348068,0,17.709502,35.000000,45.000000,67.000000,79.000000,96.000000,159.000000
1554846966,1502,159,38.527618,0,20.504934,35.000000,47.000000,76.000000,96.000000,110.000000,159.000000
