t,count,max,mean,min,stddev,p50,p75,p95,p98,p99,p999
1554846896,2,26,15.850011,6,9.998875,6.000000,26.000000,26.000000,26.000000,26.000000,26.000000
1554846906,5,42,24.326087,6,11.626122,24.000000,26.000000,42.000000,42.000000,42.000000,42.000000
1554846916,9,56,25.849372,6,17.063131,24.000000,41.000000,56.000000,56.000000,56.000000,56.000000
1554846926,14,968,115.282367,6,252.835091,36.000000,42.000000,968.000000,968.000000,968.000000,968.000000
1554846936,19,968,153.662318,1,275.574278,34.000000,56.000000,968.000000,968.000000,968.000000,968.000000
1554846946,23,968,124.709265,1,246.590828,34.000000,42.000000,748.000000,968.000000,968.000000,968.000000
1554846956,28,968,128.182885,1,236.512990,36.000000,43.000000,748.000000,968.000000,968.000000,968.000000
1554846966,33,968,103.532411,1,212.624597,33.000000,41.000000,748.000000,968.000000,968.000000,968.000000
