t,count,max,mean,min,stddev,p50,p75,p95,p98,p99,p999
1554846906,4,75,37.617814,12,25.034698,43.000000,75.000000,75.000000,75.000000,75.000000,75.000000
1554846916,7,110,58.268156,12,33.194594,52.000000,83.000000,110.000000,110.000000,110.000000,110.000000
1554846926,12,110,44.290192,1,33.704775,34.000000,78.000000,110.000000,110.000000,110.000000,110.000000
1554846936,17,110,37.013742,1,28.914485,27.000000,52.000000,110.000000,110.000000,110.000000,110.000000
1554846946,21,110,33.280865,1,27.149854,24.000000,48.000000,83.000000,110.000000,110.000000,110.000000
1554846956,26,694,63.611145,1,148.926276,24.000000,43.000000,694.000000,694.000000,694.000000,694.000000
1554846966,30,694,54.396944,1,134.928188,23.000000,28.000000,110.000000,694.000000,694.000000,694.000000
