t,count,max,mean,min,stddev,p50,p75,p95,p98,p99,p999
1554846906,56,98,50.652490,1,20.139407,59.000000,67.000000,73.000000,75.000000,98.000000,98.000000
1554846916,286,133,44.760544,1,19.973363,42.000000,63.000000,73.000000,97.000000,98.000000,133.000000
1554846926,555,133,40.622070,1,17.590933,36.000000,49.000000,69.000000,84.000000,97.000000,133.000000
1554846936,841,133,38.499856,1,16.071389,34.000000,44.000000,67.000000,77.000000,89.000000,115.000000
1554846946,1119,115,37.515491,0,15.168859,34.000000,43.000000,67.000000,80.000000,88.000000,114.000000
1554846956,1376,138,37.506602,0,15.759668,35.000000,43.000000,67.000000,82.000000,88.000000,138.000000
1554846966,1632,138,37.712671,0,17.015511,35.000000,44.000000,70.000000,84.000000,95.000000,138.000000
