t,count,max,mean,min,stddev,p50,p75,p95,p98,p99,p999
1554846916,4,94,57.815254,10,30.601479,55.000000,73.000000,94.000000,94.000000,94.000000,94.000000
1554846926,7,651,264.322640,10,256.235194,94.000000,620.000000,651.000000,651.000000,651.000000,651.000000
1554846936,12,651,167.905330,10,219.437671,55.000000,201.000000,651.000000,651.000000,651.000000,651.000000
1554846946,16,651,168.807248,4,234.164067,22.000000,242.000000,651.000000,651.000000,651.000000,651.000000
1554846956,20,651,137.848047,0,211.564420,20.000000,178.000000,620.000000,651.000000,651.000000,651.000000
1554846966,25,651,116.938990,0,187.640533,24.000000,178.000000,620.000000,651.000000,651.000000,651.000000
