t,count,max,mean,min,stddev,p50,p75,p95,p98,p99,p999
1554846916,239,118,41.087711,1,19.723229,37.000000,53.000000,76.000000,87.000000,94.000000,118.000000
1554846926,519,118,37.909919,1,16.571709,34.000000,44.000000,68.000000,84.000000,92.000000,118.000000
1554846936,786,118,37.744303,1,16.583759,35.000000,44.000000,68.000000,83.000000,92.000000,118.000000
1554846946,1076,118,36.545974,0,15.635238,34.000000,43.000000,67.000000,82.000000,90.000000,112.000000
1554846956,1345,115,36.355275,0,15.748560,34.000000,43.000000,67.000000,78.000000,85.000000,115.000000
1554846966,1609,119,36.823054,0,16.181049,35.000000,44.000000,67.000000,80.000000,87.000000,119.000000
