t,count,max,mean,min,stddev,p50,p75,p95,p98,p99,p999
1554846906,3,48,30.054475,20,12.467571,23.000000,48.000000,48.000000,48.000000,48.000000,48.000000
1554846916,8,411,119.533083,10,166.630046,20.000000,397.000000,411.000000,411.000000,411.000000,411.000000
1554846926,13,411,74.646744,4,135.531250,20.000000,47.000000,411.000000,411.000000,411.000000,411.000000
1554846936,17,411,56.351860,4,117.514990,18.000000,23.000000,411.000000,411.000000,411.000000,411.000000
1554846946,22,957,102.807642,4,238.276784,19.000000,47.000000,957.000000,957.000000,957.000000,957.000000
1554846956,27,957,80.624247,4,208.934239,19.000000,26.000000,411.000000,957.000000,957.000000,957.000000
1554846966,31,957,93.076526,4,212.506799,21.000000,26.000000,536.000000,957.000000,957.000000,957.000000
