t,count,max,mean,min,stddev,p50,p75,p95,p98,p99,p999
1554846916,156,133,37.350954,2,16.197791,35.000000,42.000000,66.000000,73.000000,102.000000,133.000000
1554846926,417,133,37.971688,2,16.275685,35.000000,43.000000,68.000000,77.000000,91.000000,133.000000
1554846936,678,175,38.194025,1,18.024306,34.000000,42.000000,69.000000,88.000000,102.000000,175.000000
1554846946,953,175,37.617394,1,18.176413,34.000000,43.000000,68.000000,81.000000,100.000000,175.000000
1554846956,1227,166,37.314272,1,17.572330,35.000000,44.000000,67.000000,76.000000,99.000000,163.000000
1554846966,1484,154,37.272710,0,17.439625,36.000000,46.000000,68.000000,77.000000,95.000000,126.000000
