t,count,max,mean,min,stddev,p50,p75,p95,p98,p99,p999
1554846906,0,0,0.000000,0,0.000000,0.000000,0.000000,0.000000,0.000000,0.000000,0.000000
1554846916,0,0,0.000000,0,0.000000,0.000000,0.000000,0.000000,0.000000,0.000000,0.000000
1554846926,1,788,788.000000,788,0.000000,788.000000,788.000000,788.000000,788.000000,788.000000,788.000000
1554846936,1,788,788.000000,788,0.000000,788.000000,788.000000,788.000000,788.000000,788.000000,788.000000
1554846946,1,788,788.000000,788,0.000000,788.000000,788.000000,788.000000,788.000000,788.000000,788.000000
1554846956,2,788,456.234560,254,259.025940,254.000000,788.000000,788.000000,788.000000,788.000000,788.000000
1554846966,2,788,456.234560,254,259.025940,254.000000,788.000000,788.000000,788.000000,788.000000,788.000000
