t,count,max,mean,min,stddev,p50,p75,p95,p98,p99,p999
1554846906,0,0,0.000000,0,0.000000,0.000000,0.000000,0.000000,0.000000,0.000000,0.000000
1554846916,1,992,992.000000,992,0.000000,992.000000,992.000000,992.000000,992.000000,992.000000,992.000000
1554846926,1,992,992.000000,992,0.000000,992.000000,992.000000,992.000000,992.000000,992.000000,992.000000
1554846936,2,992,517.611486,150,417.601085,150.000000,992.000000,992.000000,992.000000,992.000000,992.000000
1554846946,2,992,517.611486,150,417.601085,150.000000,992.000000,992.000000,992.000000,992.000000,992.000000
1554846956,2,992,517.611486,150,417.601085,150.000000,992.000000,992.000000,992.000000,992.000000,992.000000
1554846966,2,992,517.611486,150,417.601085,150.000000,992.000000,992.000000,992.000000,992.000000,992.000000
