t,count,max,mean,min,stddev,p50,p75,p95,p98,p99,p999
1554846896,2,650,349.906335,36,306.922307,650.000000,650.000000,650.000000,650.000000,650.000000,650.000000
1554846906,7,671,233.424076,7,272.572195,47.000000,650.000000,671.000000,671.000000,671.000000,671.000000
1554846916,12,671,156.128583,7,224.666256,36.000000,241.000000,671.000000,671.000000,671.000000,671.000000
1554846926,15,671,122.301085,5,203.951616,31.000000,47.000000,671.000000,671.000000,671.000000,671.000000
1554846936,20,671,102.455657,5,177.259819,25.000000,47.000000,650.000000,671.000000,671.000000,671.000000
1554846946,25,671,82.325739,5,155.010202,28.000000,42.000000,650.000000,671.000000,671.000000,671.000000
1554846956,29,814,109.656298,5,212.122944,31.000000,42.000000,671.000000,814.000000,814.000000,814.000000
1554846966,34,814,97.988215,5,191.026007,29.000000,42.000000,671.000000,814.000000,814.000000,814.000000
