t,count,max,mean,min,stddev,p50,p75,p95,p98,p99,p999
1554846906,0,0,0.000000,0,0.000000,0.000000,0.000000,0.000000,0.000000,0.000000,0.000000
1554846916,0,0,0.000000,0,0.000000,0.000000,0.000000,0.000000,0.000000,0.000000,0.000000
1554846926,1,673,673.000000,673,0.000000,673.000000,673.000000,673.000000,673.000000,673.000000,673.000000
1554846936,2,673,609.489839,554,59.364708,554.000000,673.000000,673.000000,673.000000,673.000000,673.000000
1554846946,2,673,609.489839,554,59.364708,554.000000,673.000000,673.000000,673.000000,673.000000,673.000000
1554846956,2,673,609.489839,554,59.364708,554.000000,673.000000,673.000000,673.000000,673.000000,673.000000
1554846966,3,673,437.563882,247,186.052579,554.000000,554.000000,673.000000,673.000000,673.000000,673.000000
