t,count,max,mean,min,stddev,p50,p75,p95,p98,p99,p999
1554846906,4,608,170.336755,12,250.293625,41.000000,41.000000,608.000000,608.000000,608.000000,608.000000
1554846916,8,608,142.610155,12,180.720635,53.000000,190.000000,608.000000,608.000000,608.000000,608.000000
1554846926,13,608,91.215261,12,147.483456,32.000000,53.000000,608.000000,608.000000,608.000000,608.000000
1554846936,17,608,82.256475,12,130.206974,28.000000,53.000000,213.000000,608.000000,608.000000,608.000000
1554846946,21,762,152.334879,12,234.010932,32.000000,174.000000,762.000000,762.000000,762.000000,762.000000
1554846956,26,762,115.489629,2,209.782007,25.000000,41.000000,608.000000,762.000000,762.000000,762.000000
1554846966,30,762,113.166574,2,199.114695,25.000000,53.000000,608.000000,762.000000,762.000000,762.000000
