t,count,max,mean,min,stddev,p50,p75,p95,p98,p99,p999
1554846909,78,40,4.873390,0,8.978776,0.000000,11.000000,25.000000,31.000000,40.000000,40.000000
1554846919,324,131,4.904770,0,13.109024,0.000000,0.000000,31.000000,45.000000,56.000000,131.000000
1554846929,603,131,4.573916,0,12.737361,0.000000,0.000000,31.000000,44.000000,58.000000,131.000000
1554846939,863,131,5.089087,0,14.344092,0.000000,0.000000,25.000000,47.000000,80.000000,131.000000
1554846949,1114,122,4.871675,0,12.916943,0.000000,0.000000,25.000000,44.000000,67.000000,122.000000
1554846959,1355,122,5.134876,0,13.155656,0.000000,0.000000,25.000000,46.000000,72.000000,111.000000
1554846969,1591,122,5.706546,0,13.859503,0.000000,11.000000,31.000000,56.000000,73.000000,111.000000
