t,count,max,mean,min,stddev,p50,p75,p95,p98,p99,p999
1554846909,84,22,4.570620,0,6.746859,0.000000,11.000000,22.000000,22.000000,22.000000,22.000000
1554846919,314,92,5.394575,0,10.360967,0.000000,11.000000,22.000000,33.000000,56.000000,92.000000
1554846929,594,111,4.395110,0,10.901795,0.000000,11.000000,22.000000,33.000000,46.000000,111.000000
1554846939,864,126,4.306334,0,11.546735,0.000000,0.000000,22.000000,33.000000,56.000000,126.000000
1554846949,1107,211,5.075604,0,14.751472,0.000000,11.000000,22.000000,33.000000,65.000000,211.000000
1554846959,1370,211,4.489276,0,13.997428,0.000000,0.000000,22.000000,33.000000,63.000000,211.000000
1554846969,1617,211,5.354682,0,15.434797,0.000000,11.000000,22.000000,44.000000,92.000000,133.000000
