t,count,max,mean,min,stddev,p50,p75,p95,p98,p99,p999
1554846919,228,73,4.800644,0,11.617357,0.000000,0.000000,25.000000,44.000000,72.000000,73.000000
1554846929,482,73,4.259362,0,10.005043,0.000000,0.000000,22.000000,40.000000,47.000000,73.000000
1554846939,741,126,4.331071,0,12.233245,0.000000,0.000000,22.000000,42.000000,56.000000,126.000000
1554846949,1001,128,4.898591,0,12.493057,0.000000,0.000000,22.000000,40.000000,49.000000,128.000000
1554846959,1256,128,5.602482,0,14.186218,0.000000,11.000000,22.000000,44.000000,78.000000,128.000000
1554846969,1507,128,4.840373,0,12.525461,0.000000,5.000000,22.000000,40.000000,67.000000,128.000000
