t,count,max,mean,min,stddev,p50,p75,p95,p98,p99,p999
1554846909,284,47,43.647752,42,2.350250,42.000000,47.000000,47.000000,47.000000,47.000000,47.000000
1554846919,583,47,44.223539,42,2.484667,42.000000,47.000000,47.000000,47.000000,47.000000,47.000000
1554846929,884,47,44.371933,42,2.496718,42.000000,47.000000,47.000000,47.000000,47.000000,47.000000
1554846939,1184,47,44.246017,42,2.487065,42.000000,47.000000,47.000000,47.000000,47.000000,47.000000
1554846949,1482,47,44.189786,42,2.480679,42.000000,47.000000,47.000000,47.000000,47.000000,47.000000
1554846959,1782,47,44.368375,42,2.496533,42.000000,47.000000,47.000000,47.000000,47.000000,47.000000
1554846969,2082,47,44.194503,42,2.481264,42.000000,47.000000,47.000000,47.000000,47.000000,47.000000
