t,count,max,mean,min,stddev,p50,p75,p95,p98,p99,p999
1554846909,97,127,38.363120,4,19.085345,34.000000,47.000000,67.000000,85.000000,95.000000,127.000000
1554846919,339,127,40.420905,1,18.351918,35.000000,50.000000,73.000000,85.000000,89.000000,127.000000
1554846929,595,127,39.786043,1,17.056434,35.000000,48.000000,71.000000,80.000000,85.000000,127.000000
1554846939,869,127,38.560909,1,16.065384,34.000000,44.000000,68.000000,78.000000,84.000000,114.000000
1554846949,1144,127,37.597471,1,15.472901,34.000000,43.000000,67.000000,76.000000,84.000000,114.000000
1554846959,1421,114,37.036214,1,15.299490,34.000000,44.000000,67.000000,76.000000,84.000000,105.000000
1554846969,1690,114,37.044052,1,16.106626,35.000000,45.000000,67.000000,75.000000,84.000000,109.000000
