t,count,max,mean,min,stddev,p50,p75,p95,p98,p99,p999
1554846909,18,89,41.010851,7,19.985092,40.000000,53.000000,89.000000,89.000000,89.000000,89.000000
1554846919,278,134,38.435323,2,16.990731,34.000000,45.000000,69.000000,82.000000,101.000000,134.000000
1554846929,567,220,36.392214,2,16.671142,34.000000,41.000000,65.000000,75.000000,86.000000,220.000000
1554846939,851,220,35.931345,1,15.081470,34.000000,40.000000,64.000000,74.000000,80.000000,220.000000
1554846949,1121,220,36.300760,1,15.521414,34.000000,41.000000,65.000000,74.000000,82.000000,154.000000
1554846959,1386,220,37.017169,1,17.102976,34.000000,43.000000,67.000000,76.000000,86.000000,184.000000
1554846969,1645,220,37.264736,1,16.330360,35.000000,44.000000,67.000000,76.000000,83.000000,134.000000
