t,count,max,mean,min,stddev,p50,p75,p95,p98,p99,p999
1554846909,0,0,0.000000,0,0.000000,0.000000,0.000000,0.000000,0.000000,0.000000,0.000000
1554846919,0,0,0.000000,0,0.000000,0.000000,0.000000,0.000000,0.000000,0.000000,0.000000
1554846929,1,121,121.000000,121,0.000000,121.000000,121.000000,121.000000,121.000000,121.000000,121.000000
1554846939,1,121,121.000000,121,0.000000,121.000000,121.000000,121.000000,121.000000,121.000000,121.000000
1554846949,2,930,576.796090,121,401.234297,930.000000,930.000000,930.000000,930.000000,930.000000,930.000000
1554846959,2,930,576.796090,121,401.234297,930.000000,930.000000,930.000000,930.000000,930.000000,930.000000
1554846969,2,930,576.796090,121,401.234297,930.000000,930.000000,930.000000,930.000000,930.000000,930.000000
