t,count,max,mean,min,stddev,p50,p75,p95,p98,p99,p999
1554846919,234,125,37.164602,4,14.610756,35.000000,42.000000,67.000000,81.000000,83.000000,125.000000
1554846929,492,219,38.054937,3,17.129194,34.000000,42.000000,68.000000,81.000000,89.000000,219.000000
1554846939,758,219,37.889908,2,17.082429,34.000000,42.000000,68.000000,81.000000,89.000000,219.000000
1554846949,1028,219,37.488708,1,17.094311,34.000000,42.000000,68.000000,82.000000,89.000000,145.000000
1554846959,1300,153,37.228808,1,16.997290,34.000000,44.000000,67.000000,81.000000,96.000000,153.000000
1554846969,1560,153,37.742708,1,16.537234,36.000000,46.000000,66.000000,77.000000,94.000000,153.000000
