t,count,max,mean,min,stddev,p50,p75,p95,p98,p99,p999
1554846909,84,120,43.899185,2,20.797539,38.000000,53.000000,76.000000,114.000000,120.000000,120.000000
1554846919,338,120,40.389895,2,18.503868,36.000000,50.000000,73.000000,88.000000,101.000000,120.000000
1554846929,608,120,38.697782,1,17.384678,34.000000,44.000000,70.000000,88.000000,97.000000,120.000000
1554846939,878,121,38.086859,1,16.670673,34.000000,43.000000,69.000000,86.000000,97.000000,121.000000
1554846949,1143,121,37.824492,1,16.566844,34.000000,44.000000,69.000000,82.000000,92.000000,114.000000
1554846959,1405,210,37.907892,1,18.348273,35.000000,45.000000,72.000000,82.000000,92.000000,210.000000
1554846969,1652,170,38.446013,1,20.174029,36.000000,47.000000,74.000000,89.000000,104.000000,170.000000
