t,count,max,mean,min,stddev,p50,p75,p95,p98,p99,p999
1554846909,85,72,41.365586,2,16.705247,38.000000,52.000000,68.000000,70.000000,72.000000,72.000000
1554846919,321,105,41.921257,2,17.095519,38.000000,53.000000,70.000000,78.000000,80.000000,105.000000
1554846929,593,126,39.426533,2,16.646317,35.000000,46.000000,69.000000,80.000000,84.000000,126.000000
1554846939,884,126,37.468185,2,14.967695,34.000000,43.000000,67.000000,75.000000,83.000000,126.000000
1554846949,1158,132,36.749885,2,15.003181,34.000000,42.000000,67.000000,75.000000,84.000000,132.000000
1554846959,1405,132,37.971645,1,16.360397,35.000000,44.000000,67.000000,80.000000,87.000000,132.000000
1554846969,1668,132,37.959403,1,16.890320,35.000000,45.000000,67.000000,80.000000,93.000000,128.000000
