t,count,max,mean,min,stddev,p50,p75,p95,p98,p99,p999
1552572411,274,40,10.069686,0,5.870221,10.000000,14.000000,17.000000,21.000000,30.000000,40.000000
1552572421,512,180,12.950150,0,18.482307,10.000000,15.000000,25.000000,69.000000,128.000000,180.000000
1552572431,782,180,14.987057,0,22.503588,10.000000,15.000000,47.000000,110.000000,136.000000,180.000000
1552572441,1050,215,17.496023,0,28.010927,11.000000,15.000000,77.000000,131.000000,166.000000,215.000000
1552572451,1699,315,87.768439,0,114.268147,14.000000,221.000000,299.000000,309.000000,312.000000,315.000000
1552572461,1944,314,71.304022,0,106.078237,13.000000,91.000000,292.000000,307.000000,311.000000,314.000000
1552572471,2243,314,56.297560,0,95.198705,12.000000,17.000000,284.000000,304.000000,309.000000,314.000000
