t,count,max,mean,min,stddev,p50,p75,p95,p98,p99,p999
1552572411,130,84,28.410455,12,11.512402,33.000000,34.000000,50.000000,51.000000,66.000000,84.000000
1552572421,358,84,26.979098,12,11.137955,33.000000,33.000000,50.000000,50.000000,51.000000,84.000000
1552572431,692,84,26.934973,10,11.475111,33.000000,33.000000,50.000000,51.000000,66.000000,84.000000
1552572441,865,84,27.880532,10,11.354582,33.000000,34.000000,50.000000,51.000000,66.000000,67.000000
1552572451,1001,84,28.211212,10,11.488549,33.000000,34.000000,50.000000,51.000000,66.000000,67.000000
1552572461,1081,84,28.746368,10,11.291858,33.000000,34.000000,50.000000,51.000000,66.000000,67.000000
1552572471,1336,67,28.334878,10,11.213522,33.000000,34.000000,50.000000,50.000000,66.000000,67.000000
