t,count,max,mean,min,stddev,p50,p75,p95,p98,p99,p999
1552572411,274,67,22.931248,0,11.385605,17.000000,33.000000,50.000000,50.000000,51.000000,67.000000
1552572421,512,67,23.471452,0,11.202008,17.000000,33.000000,50.000000,50.000000,51.000000,67.000000
1552572431,782,67,23.907940,0,11.264618,17.000000,33.000000,49.000000,50.000000,50.000000,67.000000
1552572441,1050,67,23.344881,0,11.220561,17.000000,33.000000,46.000000,50.000000,50.000000,67.000000
1552572451,1699,83,17.459964,0,14.533826,17.000000,33.000000,39.000000,50.000000,50.000000,83.000000
1552572461,1944,83,19.481902,0,14.277289,17.000000,33.000000,44.000000,50.000000,50.000000,83.000000
1552572471,2243,67,21.344610,0,13.742993,17.000000,33.000000,49.000000,50.000000,50.000000,67.000000
