t,count,max,mean,min,stddev,p50,p75,p95,p98,p99,p999
1552572413,283,646,5.976647,0,41.706953,0.000000,0.000000,16.000000,60.000000,97.000000,646.000000
1552572423,481,646,5.471518,0,41.249638,0.000000,0.000000,11.000000,33.000000,78.000000,646.000000
1552572433,808,646,3.650474,0,31.178484,0.000000,0.000000,11.000000,22.000000,43.000000,646.000000
1552572443,1070,753,5.262711,0,45.844981,0.000000,0.000000,11.000000,22.000000,63.000000,753.000000
1552572453,1306,812,5.823347,0,49.061747,0.000000,0.000000,11.000000,22.000000,97.000000,812.000000
1552572463,1588,812,5.280319,0,46.102056,0.000000,0.000000,11.000000,22.000000,44.000000,812.000000
1552572473,1837,812,5.828333,0,50.246558,0.000000,0.000000,11.000000,22.000000,40.000000,812.000000
