t,count,max,mean,min,stddev,p50,p75,p95,p98,p99,p999
1552572413,0,0,0.000000,0,0.000000,0.000000,0.000000,0.000000,0.000000,0.000000,0.000000
1552572423,4,816,539.673392,45,300.018437,757.000000,816.000000,816.000000,816.000000,816.000000,816.000000
1552572433,13,983,592.497120,45,240.237322,553.000000,757.000000,983.000000,983.000000,983.000000,983.000000
1552572443,16,983,579.963677,45,218.906493,533.000000,699.000000,983.000000,983.000000,983.000000,983.000000
1552572453,22,983,574.396023,45,222.835381,533.000000,699.000000,982.000000,983.000000,983.000000,983.000000
1552572463,26,983,569.656474,45,225.777456,533.000000,699.000000,982.000000,983.000000,983.000000,983.000000
1552572473,29,983,545.211394,45,221.750989,516.000000,683.000000,982.000000,983.000000,983.000000,983.000000
