t,count,max,mean,min,stddev,p50,p75,p95,p98,p99,p999
1552572413,368,67,23.763184,0,10.794020,17.000000,33.000000,44.000000,50.000000,52.000000,67.000000
1552572423,614,100,24.003937,0,10.845603,17.000000,33.000000,44.000000,50.000000,51.000000,100.000000
1552572433,935,100,24.316063,0,10.960813,17.000000,33.000000,49.000000,50.000000,51.000000,100.000000
1552572443,1228,100,24.188787,0,10.946014,17.000000,33.000000,50.000000,50.000000,51.000000,67.000000
1552572453,1414,100,23.697359,0,10.683204,17.000000,33.000000,50.000000,50.000000,51.000000,67.000000
1552572463,1825,100,23.861278,0,11.118778,17.000000,33.000000,50.000000,50.000000,51.000000,67.000000
1552572473,2222,100,23.116052,0,11.039335,17.000000,33.000000,50.000000,50.000000,50.000000,67.000000
