t,count,max,mean,min,stddev,p50,p75,p95,p98,p99,p999
1552572413,0,0,0.000000,0,0.000000,0.000000,0.000000,0.000000,0.000000,0.000000,0.000000
1552572423,0,0,0.000000,0,0.000000,0.000000,0.000000,0.000000,0.000000,0.000000,0.000000
1552572433,2,676,363.687537,37,319.419144,676.000000,676.000000,676.000000,676.000000,676.000000,676.000000
1552572443,8,865,544.179703,37,220.927306,555.000000,682.000000,865.000000,865.000000,865.000000,865.000000
1552572453,14,982,548.563391,37,230.991365,555.000000,676.000000,982.000000,982.000000,982.000000,982.000000
1552572463,18,982,526.159223,37,222.318104,521.000000,676.000000,982.000000,982.000000,982.000000,982.000000
1552572473,19,982,546.165240,37,226.812370,533.000000,679.000000,982.000000,982.000000,982.000000,982.000000
