t,count,max,mean,min,stddev,p50,p75,p95,p98,p99,p999
1554847743,2,40,30.865010,22,8.998988,22.000000,40.000000,40.000000,40.000000,40.000000,40.000000
1554847753,5,450,209.908421,20,209.368508,40.000000,449.000000,450.000000,450.000000,450.000000,450.000000
1554847763,10,450,107.407410,14,169.502960,20.000000,49.000000,450.000000,450.000000,450.000000,450.000000
1554847773,14,450,78.988047,14,144.372611,19.000000,48.000000,450.000000,450.000000,450.000000,450.000000
1554847783,19,837,142.165160,12,243.123198,20.000000,49.000000,837.000000,837.000000,837.000000,837.000000
1554847793,23,837,112.228470,11,219.101494,17.000000,40.000000,837.000000,837.000000,837.000000,837.000000
1554847803,28,837,120.987057,8,230.806779,14.000000,40.000000,641.000000,837.000000,837.000000,837.000000
1554847813,33,837,95.358320,6,207.966625,14.000000,25.000000,641.000000,837.000000,837.000000,837.000000
1554847823,37,837,81.209459,5,191.503220,12.000000,25.000000,641.000000,837.000000,837.000000,837.000000
1554847833,41,837,88.356856,5,190.201418,14.000000,25.000000,641.000000,837.000000,837.000000,837.000000
1554847843,45,837,95.097812,5,188.037478,21.000000,33.000000,450.000000,641.000000,837.000000,837.000000
1554847853,50,837,111.414580,5,223.924360,21.000000,30.000000,828.000000,828.000000,837.000000,837.000000
1554847863,52,837,112.401801,5,216.657301,21.000000,33.000000,641.000000,828.000000,837.000000,837.000000
1554847873,56,837,104.579230,3,202.092190,21.000000,33.000000,641.000000,828.000000,837.000000,837.000000
1554847883,60,837,116.238039,3,214.621194,21.000000,33.000000,619.000000,828.000000,828.000000,837.000000
1554847893,65,837,131.458670,3,228.543707,22.000000,48.000000,715.000000,828.000000,828.000000,837.000000
1554847903,70,837,139.489174,3,230.811896,21.000000,212.000000,715.000000,828.000000,828.000000,837.000000
1554847913,75,837,117.633372,3,215.510948,19.000000,33.000000,641.000000,715.000000,828.000000,837.000000
1554847923,80,837,127.447177,3,220.361969,19.000000,209.000000,630.000000,715.000000,828.000000,837.000000
1554847933,82,837,140.548915,3,231.893156,19.000000,209.000000,630.000000,715.000000,828.000000,837.000000
