t,count,max,mean,min,stddev,p50,p75,p95,p98,p99,p999
1554847738,2,119,69.772555,22,48.494544,22.000000,119.000000,119.000000,119.000000,119.000000,119.000000
1554847748,7,119,52.186038,20,33.334128,35.000000,86.000000,119.000000,119.000000,119.000000,119.000000
1554847758,12,119,46.428050,16,29.486915,35.000000,54.000000,119.000000,119.000000,119.000000,119.000000
1554847768,17,119,41.779451,16,25.377754,34.000000,49.000000,86.000000,119.000000,119.000000,119.000000
1554847778,22,119,38.904841,16,22.523654,33.000000,48.000000,86.000000,119.000000,119.000000,119.000000
1554847788,27,119,35.207482,10,20.844665,32.000000,35.000000,86.000000,119.000000,119.000000,119.000000
1554847798,32,119,32.618885,9,19.794597,29.000000,35.000000,83.000000,86.000000,119.000000,119.000000
1554847808,37,119,30.480666,6,19.815642,28.000000,34.000000,83.000000,86.000000,119.000000,119.000000
1554847818,42,119,32.464402,6,18.347900,32.000000,38.000000,56.000000,86.000000,119.000000,119.000000
1554847828,47,119,31.401179,6,17.259969,31.000000,38.000000,56.000000,86.000000,86.000000,119.000000
1554847838,52,119,31.672937,6,16.043033,33.000000,38.000000,54.000000,83.000000,86.000000,119.000000
1554847848,57,119,30.376427,6,15.363173,33.000000,37.000000,50.000000,83.000000,86.000000,119.000000
1554847858,62,119,28.612574,6,14.808236,28.000000,36.000000,50.000000,56.000000,86.000000,119.000000
1554847868,67,119,28.688533,6,13.813907,31.000000,35.000000,49.000000,56.000000,86.000000,119.000000
1554847878,72,119,27.541386,6,13.266818,29.000000,34.000000,48.000000,56.000000,83.000000,119.000000
1554847888,77,119,27.099597,6,12.688455,28.000000,34.000000,43.000000,56.000000,83.000000,119.000000
1554847898,82,119,27.842309,6,12.876529,28.000000,35.000000,43.000000,54.000000,56.000000,119.000000
1554847908,87,119,26.875416,6,12.345813,26.000000,34.000000,43.000000,50.000000,56.000000,119.000000
1554847918,92,119,26.542485,6,11.428564,25.000000,33.000000,43.000000,50.000000,56.000000,119.000000
