t,count,max,mean,min,stddev,p50,p75,p95,p98,p99,p999
1554846905,72,71,6.675967,0,14.764712,0.000000,11.000000,33.000000,63.000000,71.000000,71.000000
1554846915,287,71,6.377151,0,13.523199,0.000000,11.000000,33.000000,63.000000,65.000000,71.000000
1554846925,559,122,6.105679,0,15.109648,0.000000,11.000000,33.000000,63.000000,70.000000,122.000000
1554846935,815,122,6.106473,0,15.432996,0.000000,11.000000,33.000000,63.000000,71.000000,122.000000
1554846945,1073,122,5.747709,0,14.522431,0.000000,11.000000,31.000000,56.000000,71.000000,122.000000
1554846955,1311,122,5.598242,0,15.035518,0.000000,0.000000,31.000000,56.000000,78.000000,122.000000
1554846965,1555,122,5.823314,0,14.422845,0.000000,11.000000,31.000000,56.000000,71.000000,122.000000
1554846975,1788,125,6.695413,0,15.160607,0.000000,11.000000,33.000000,56.000000,78.000000,125.000000
