t,count,max,mean,min,stddev,p50,p75,p95,p98,p99,p999
1554846905,91,44,6.374196,0,10.680586,0.000000,11.000000,31.000000,40.000000,44.000000,44.000000
1554846915,342,79,5.518853,0,11.341625,0.000000,11.000000,33.000000,44.000000,44.000000,79.000000
1554846925,610,133,5.918535,0,15.541312,0.000000,0.000000,31.000000,44.000000,79.000000,133.000000
1554846935,866,134,5.689690,0,16.330542,0.000000,0.000000,31.000000,56.000000,111.000000,134.000000
1554846945,1133,200,5.931283,0,16.690599,0.000000,11.000000,31.000000,56.000000,79.000000,200.000000
1554846955,1399,200,6.182937,0,18.032220,0.000000,0.000000,31.000000,56.000000,111.000000,200.000000
1554846965,1642,200,6.274248,0,17.677885,0.000000,4.000000,31.000000,56.000000,104.000000,200.000000
1554846975,1898,200,7.124877,0,18.416041,0.000000,11.000000,33.000000,63.000000,104.000000,200.000000
