t,count,max,mean,min,stddev,p50,p75,p95,p98,p99,p999
1554846905,285,47,43.699702,42,2.368443,42.000000,47.000000,47.000000,47.000000,47.000000,47.000000
1554846915,584,47,44.313560,42,2.493038,42.000000,47.000000,47.000000,47.000000,47.000000,47.000000
1554846925,884,52,44.445245,42,2.513052,42.000000,47.000000,47.000000,47.000000,47.000000,52.000000
1554846935,1184,52,44.307485,42,2.515457,42.000000,47.000000,47.000000,47.000000,47.000000,52.000000
1554846945,1484,52,44.269885,42,2.500504,42.000000,47.000000,47.000000,47.000000,47.000000,52.000000
1554846955,1783,52,44.369679,42,2.506602,42.000000,47.000000,47.000000,47.000000,47.000000,52.000000
1554846965,2084,52,44.195068,42,2.490384,42.000000,47.000000,47.000000,47.000000,47.000000,47.000000
1554846975,2384,52,44.086396,42,2.473742,42.000000,47.000000,47.000000,47.000000,47.000000,47.000000
