t,count,max,mean,min,stddev,p50,p75,p95,p98,p99,p999
1554846905,1,6,6.000000,6,0.000000,6.000000,6.000000,6.000000,6.000000,6.000000,6.000000
1554846915,6,877,308.994953,6,335.277780,37.000000,654.000000,877.000000,877.000000,877.000000,877.000000
1554846925,11,877,191.211327,6,272.597998,36.000000,262.000000,877.000000,877.000000,877.000000,877.000000
1554846935,15,877,205.644835,6,267.575942,37.000000,262.000000,877.000000,877.000000,877.000000,877.000000
1554846945,18,877,170.564764,6,246.770112,41.000000,241.000000,658.000000,877.000000,877.000000,877.000000
1554846955,23,877,128.486941,6,217.966351,35.000000,58.000000,658.000000,877.000000,877.000000,877.000000
1554846965,27,877,151.618139,6,257.324537,37.000000,58.000000,848.000000,877.000000,877.000000,877.000000
1554846975,32,877,121.564717,6,231.441877,36.000000,45.000000,848.000000,848.000000,877.000000,877.000000
