t,count,max,mean,min,stddev,p50,p75,p95,p98,p99,p999
1554846915,0,0,0.000000,0,0.000000,0.000000,0.000000,0.000000,0.000000,0.000000,0.000000
1554846925,0,0,0.000000,0,0.000000,0.000000,0.000000,0.000000,0.000000,0.000000,0.000000
1554846935,1,858,858.000000,858,0.000000,858.000000,858.000000,858.000000,858.000000,858.000000,858.000000
1554846945,1,858,858.000000,858,0.000000,858.000000,858.000000,858.000000,858.000000,858.000000,858.000000
1554846955,2,858,744.378129,655,100.773559,655.000000,858.000000,858.000000,858.000000,858.000000,858.000000
1554846965,2,858,744.378129,655,100.773559,655.000000,858.000000,858.000000,858.000000,858.000000,858.000000
1554846975,2,858,744.378129,655,100.773559,655.000000,858.000000,858.000000,858.000000,858.000000,858.000000
