t,count,max,mean,min,stddev,p50,p75,p95,p98,p99,p999
1554846905,1,536,536.000000,536,0.000000,536.000000,536.000000,536.000000,536.000000,536.000000,536.000000
1554846915,2,536,298.791890,82,226.770356,82.000000,536.000000,536.000000,536.000000,536.000000,536.000000
1554846925,3,786,479.406260,82,296.202956,536.000000,786.000000,786.000000,786.000000,786.000000,786.000000
1554846935,3,786,479.406260,82,296.202956,536.000000,786.000000,786.000000,786.000000,786.000000,786.000000
1554846945,3,786,479.406260,82,296.202956,536.000000,786.000000,786.000000,786.000000,786.000000,786.000000
1554846955,3,786,479.406260,82,296.202956,536.000000,786.000000,786.000000,786.000000,786.000000,786.000000
1554846965,3,786,479.406260,82,296.202956,536.000000,786.000000,786.000000,786.000000,786.000000,786.000000
1554846975,3,786,479.406260,82,296.202956,536.000000,786.000000,786.000000,786.000000,786.000000,786.000000
