t,count,max,mean,min,stddev,p50,p75,p95,p98,p99,p999
1554846905,0,0,0.000000,0,0.000000,0.000000,0.000000,0.000000,0.000000,0.000000,0.000000
1554846915,0,0,0.000000,0,0.000000,0.000000,0.000000,0.000000,0.000000,0.000000,0.000000
1554846925,1,701,701.000000,701,0.000000,701.000000,701.000000,701.000000,701.000000,701.000000,701.000000
1554846935,1,701,701.000000,701,0.000000,701.000000,701.000000,701.000000,701.000000,701.000000,701.000000
1554846945,2,701,356.253946,97,298.959487,97.000000,701.000000,701.000000,701.000000,701.000000,701.000000
1554846955,2,701,356.253946,97,298.959487,97.000000,701.000000,701.000000,701.000000,701.000000,701.000000
1554846965,2,701,356.253946,97,298.959487,97.000000,701.000000,701.000000,701.000000,701.000000,701.000000
1554846975,2,701,356.253946,97,298.959487,97.000000,701.000000,701.000000,701.000000,701.000000,701.000000
