t,count,max,mean,min,stddev,p50,p75,p95,p98,p99,p999
1554846915,209,152,42.171402,1,21.866592,39.000000,51.000000,83.000000,92.000000,112.000000,152.000000
1554846925,488,152,38.289141,1,17.639970,34.000000,44.000000,68.000000,88.000000,92.000000,152.000000
1554846935,756,196,37.853078,1,17.711630,34.000000,44.000000,68.000000,85.000000,91.000000,196.000000
1554846945,1040,196,37.031792,1,17.344458,34.000000,43.000000,67.000000,84.000000,91.000000,168.000000
1554846955,1314,168,36.305478,1,15.921681,34.000000,42.000000,66.000000,79.000000,88.000000,168.000000
1554846965,1573,168,36.749573,1,17.008529,35.000000,43.000000,67.000000,80.000000,90.000000,160.000000
1554846975,1815,181,38.341568,1,18.427533,36.000000,45.000000,73.000000,85.000000,91.000000,181.000000
