t,count,max,mean,min,stddev,p50,p75,p95,p98,p99,p999
1552261068,45,28,2.972475,1,4.693927,2.000000,2.000000,10.000000,28.000000,28.000000,28.000000
1552261078,358,42,2.972124,0,4.926897,2.000000,2.000000,9.000000,26.000000,28.000000,42.000000
1552261088,435,42,2.763845,0,4.455131,2.000000,2.000000,7.000000,22.000000,28.000000,42.000000
1552261098,568,42,2.502882,0,3.782829,2.000000,2.000000,4.000000,10.000000,26.000000,42.000000
1552261108,798,42,2.323668,0,3.111155,2.000000,2.000000,3.000000,9.000000,20.000000,42.000000
1552261118,1122,46,3.176650,0,5.121014,2.000000,2.000000,11.000000,24.000000,32.000000,46.000000
