t,count,max,mean,min,stddev,p50,p75,p95,p98,p99,p999
1552261068,0,0,0.000000,0,0.000000,0.000000,0.000000,0.000000,0.000000,0.000000,0.000000
1552261078,0,0,0.000000,0,0.000000,0.000000,0.000000,0.000000,0.000000,0.000000,0.000000
1552261088,1,645,645.000000,645,0.000000,645.000000,645.000000,645.000000,645.000000,645.000000,645.000000
1552261098,2,802,728.790717,645,78.321506,802.000000,802.000000,802.000000,802.000000,802.000000,802.000000
1552261108,4,1000,717.079874,396,228.136813,802.000000,1000.000000,1000.000000,1000.000000,1000.000000,1000.000000
1552261118,4,1000,717.079874,396,228.136813,802.000000,1000.000000,1000.000000,1000.000000,1000.000000,1000.000000
