t,count,max,mean,min,stddev,p50,p75,p95,p98,p99,p999
1552261068,2,23,13.428751,4,9.499733,4.000000,23.000000,23.000000,23.000000,23.000000,23.000000
1552261078,4,23,7.328283,1,8.933830,2.000000,4.000000,23.000000,23.000000,23.000000,23.000000
1552261088,4,23,7.328283,1,8.933830,2.000000,4.000000,23.000000,23.000000,23.000000,23.000000
1552261098,5,23,6.161312,1,7.872966,3.000000,4.000000,23.000000,23.000000,23.000000,23.000000
1552261108,5,23,6.161312,1,7.872966,3.000000,4.000000,23.000000,23.000000,23.000000,23.000000
1552261118,8,23,3.822349,1,5.894187,2.000000,3.000000,23.000000,23.000000,23.000000,23.000000
