t,count,max,mean,min,stddev,p50,p75,p95,p98,p99,p999
1552261068,0,0,0.000000,0,0.000000,0.000000,0.000000,0.000000,0.000000,0.000000,0.000000
1552261078,0,0,0.000000,0,0.000000,0.000000,0.000000,0.000000,0.000000,0.000000,0.000000
1552261088,1,2,2.000000,2,0.000000,2.000000,2.000000,2.000000,2.000000,2.000000,2.000000
1552261098,2,2,2.000000,2,0.000000,2.000000,2.000000,2.000000,2.000000,2.000000,2.000000
1552261108,4,10,4.220001,2,3.582123,2.000000,10.000000,10.000000,10.000000,10.000000,10.000000
1552261118,4,10,4.220001,2,3.582123,2.000000,10.000000,10.000000,10.000000,10.000000,10.000000
