t,count,max,mean,min,stddev,p50,p75,p95,p98,p99,p999
1552261068,0,0,0.000000,0,0.000000,0.000000,0.000000,0.000000,0.000000,0.000000,0.000000
1552261078,3,629,417.838483,33,266.038905,573.000000,629.000000,629.000000,629.000000,629.000000,629.000000
1552261088,4,802,529.347835,33,283.964498,629.000000,802.000000,802.000000,802.000000,802.000000,802.000000
1552261098,6,802,556.709775,33,255.296103,629.000000,793.000000,802.000000,802.000000,802.000000,802.000000
1552261108,9,802,503.556980,33,230.732042,573.000000,629.000000,802.000000,802.000000,802.000000,802.000000
1552261118,12,866,527.014553,19,292.972979,589.000000,802.000000,866.000000,866.000000,866.000000,866.000000
