t,count,max,mean,min,stddev,p50,p75,p95,p98,p99,p999
1554846912,11,44,3.956513,0,12.587000,0.000000,0.000000,44.000000,44.000000,44.000000,44.000000
1554846922,270,71,3.706211,0,9.012620,0.000000,0.000000,22.000000,31.000000,44.000000,71.000000
1554846932,519,71,4.036025,0,9.266389,0.000000,0.000000,22.000000,31.000000,44.000000,71.000000
1554846942,790,89,4.188197,0,10.584268,0.000000,0.000000,22.000000,39.000000,63.000000,89.000000
1554846952,1066,111,4.728693,0,11.126359,0.000000,8.000000,22.000000,40.000000,56.000000,111.000000
1554846962,1327,200,5.684227,0,14.864407,0.000000,11.000000,28.000000,46.000000,75.000000,200.000000
1554846972,1567,200,5.651850,0,14.413465,0.000000,11.000000,31.000000,44.000000,75.000000,200.000000
