t,count,max,mean,min,stddev,p50,p75,p95,p98,p99,p999
1554846912,131,40,4.209211,0,8.310198,0.000000,11.000000,22.000000,33.000000,33.000000,40.000000
1554846922,398,79,5.100684,0,9.112968,0.000000,11.000000,22.000000,33.000000,33.000000,79.000000
1554846932,672,128,4.899173,0,11.837772,0.000000,11.000000,22.000000,33.000000,56.000000,128.000000
1554846942,941,134,5.066191,0,12.433089,0.000000,11.000000,22.000000,33.000000,62.000000,134.000000
1554846952,1188,200,5.364464,0,14.733051,0.000000,11.000000,23.000000,53.000000,67.000000,200.000000
1554846962,1437,200,5.259806,0,13.803467,0.000000,11.000000,22.000000,40.000000,67.000000,200.000000
1554846972,1669,134,5.247988,0,12.500535,0.000000,11.000000,22.000000,47.000000,67.000000,111.000000
