t,count,max,mean,min,stddev,p50,p75,p95,p98,p99,p999
1554846902,85,33,3.156797,0,7.725250,0.000000,0.000000,22.000000,33.000000,33.000000,33.000000
1554846912,311,117,5.133516,0,13.644942,0.000000,0.000000,25.000000,56.000000,63.000000,117.000000
1554846922,564,126,4.979271,0,13.378861,0.000000,0.000000,22.000000,44.000000,56.000000,126.000000
1554846932,807,200,5.789196,0,16.360790,0.000000,1.000000,25.000000,56.000000,102.000000,200.000000
1554846942,1076,200,4.893897,0,14.764484,0.000000,0.000000,22.000000,47.000000,73.000000,200.000000
1554846952,1338,208,6.698165,0,19.200519,0.000000,1.000000,35.000000,78.000000,104.000000,208.000000
1554846962,1599,134,6.291608,0,16.548969,0.000000,11.000000,33.000000,56.000000,100.000000,134.000000
1554846972,1848,208,10.501858,0,21.851742,0.000000,11.000000,53.000000,78.000000,111.000000,208.000000
