t,count,max,mean,min,stddev,p50,p75,p95,p98,p99,p999
1554846902,100,137,38.591633,2,19.437153,33.000000,43.000000,68.000000,83.000000,135.000000,137.000000
1554846912,341,137,40.698523,1,17.961827,34.000000,50.000000,67.000000,83.000000,91.000000,137.000000
1554846922,620,137,38.270665,1,15.895399,34.000000,43.000000,67.000000,80.000000,84.000000,137.000000
1554846932,885,137,37.996714,1,15.740887,34.000000,43.000000,67.000000,83.000000,86.000000,135.000000
1554846942,1168,135,36.982851,1,14.694275,34.000000,41.000000,67.000000,75.000000,85.000000,119.000000
1554846952,1432,119,37.370583,0,15.818149,34.000000,43.000000,67.000000,77.000000,85.000000,119.000000
1554846962,1712,119,36.546089,0,15.882720,34.000000,43.000000,67.000000,75.000000,85.000000,119.000000
1554846972,1977,173,36.905572,0,17.495506,34.000000,44.000000,67.000000,83.000000,86.000000,173.000000
