t,count,max,mean,min,stddev,p50,p75,p95,p98,p99,p999
1554846912,13,178,65.058743,21,37.900010,56.000000,71.000000,178.000000,178.000000,178.000000,178.000000
1554846922,281,178,38.702749,4,18.746295,34.000000,42.000000,71.000000,94.000000,113.000000,178.000000
1554846932,537,180,38.744546,1,18.612813,34.000000,42.000000,71.000000,88.000000,107.000000,180.000000
1554846942,814,180,37.805563,1,17.257458,34.000000,41.000000,69.000000,82.000000,94.000000,180.000000
1554846952,1099,180,36.900134,1,16.002698,34.000000,41.000000,67.000000,78.000000,86.000000,178.000000
1554846962,1372,180,36.221764,1,15.643061,34.000000,42.000000,67.000000,73.000000,84.000000,174.000000
1554846972,1623,180,37.172968,1,17.784918,34.000000,43.000000,69.000000,82.000000,89.000000,174.000000
