t,count,max,mean,min,stddev,p50,p75,p95,p98,p99,p999
1554846912,118,88,41.222540,1,17.221202,36.000000,51.000000,68.000000,71.000000,71.000000,88.000000
1554846922,383,88,38.665749,1,16.377910,35.000000,45.000000,68.000000,82.000000,85.000000,88.000000
1554846932,656,91,37.738952,1,15.903706,34.000000,44.000000,68.000000,82.000000,86.000000,91.000000
1554846942,947,91,36.511869,1,14.742103,34.000000,42.000000,67.000000,76.000000,85.000000,91.000000
1554846952,1226,91,36.270312,1,14.723111,34.000000,43.000000,67.000000,76.000000,83.000000,90.000000
1554846962,1487,101,37.063901,1,15.440731,34.000000,44.000000,67.000000,79.000000,85.000000,101.000000
1554846972,1740,118,37.878774,1,17.079539,35.000000,46.000000,70.000000,85.000000,88.000000,118.000000
