t,count,max,mean,min,stddev,p50,p75,p95,p98,p99,p999
1554846902,90,144,42.753834,4,22.662773,34.000000,51.000000,81.000000,131.000000,144.000000,144.000000
1554846912,322,144,43.016869,2,19.816020,35.000000,59.000000,75.000000,84.000000,97.000000,144.000000
1554846922,594,144,39.801774,1,17.362948,34.000000,48.000000,68.000000,78.000000,84.000000,144.000000
1554846932,878,144,38.042461,1,16.042908,34.000000,44.000000,67.000000,76.000000,84.000000,131.000000
1554846942,1163,144,36.714854,1,14.489766,34.000000,43.000000,67.000000,73.000000,79.000000,105.000000
1554846952,1444,93,36.317202,1,14.568819,34.000000,44.000000,67.000000,74.000000,79.000000,87.000000
1554846962,1703,115,36.942659,1,14.973321,34.000000,44.000000,67.000000,74.000000,80.000000,115.000000
1554846972,1970,143,36.888390,1,15.929858,34.000000,45.000000,67.000000,74.000000,80.000000,143.000000
