t,count,max,mean,min,stddev,p50,p75,p95,p98,p99,p999
1554846912,3,715,273.301762,17,322.290202,60.000000,715.000000,715.000000,715.000000,715.000000,715.000000
1554846922,6,715,196.583793,15,255.976993,60.000000,322.000000,715.000000,715.000000,715.000000,715.000000
1554846932,11,715,131.596185,10,206.237812,22.000000,295.000000,715.000000,715.000000,715.000000,715.000000
1554846942,16,715,87.395579,6,173.586383,15.000000,25.000000,715.000000,715.000000,715.000000,715.000000
1554846952,20,715,88.661910,6,162.316350,20.000000,25.000000,322.000000,715.000000,715.000000,715.000000
1554846962,24,715,110.163325,6,203.044698,20.000000,25.000000,704.000000,715.000000,715.000000,715.000000
1554846972,29,715,87.248791,6,180.461183,20.000000,25.000000,704.000000,715.000000,715.000000,715.000000
