t,count,max,mean,min,stddev,p50,p75,p95,p98,p99,p999
1554846902,18,67,46.952698,20,15.272535,48.000000,62.000000,67.000000,67.000000,67.000000,67.000000
1554846912,265,164,40.895967,2,20.172526,34.000000,50.000000,73.000000,97.000000,106.000000,164.000000
1554846922,542,164,38.217726,2,17.242953,34.000000,44.000000,67.000000,82.000000,98.000000,164.000000
1554846932,819,229,37.333867,2,17.104045,34.000000,42.000000,67.000000,78.000000,97.000000,229.000000
1554846942,1100,229,36.590572,2,16.078192,34.000000,41.000000,64.000000,75.000000,87.000000,229.000000
1554846952,1367,229,37.106841,1,16.186174,34.000000,42.000000,64.000000,76.000000,91.000000,176.000000
1554846962,1618,229,38.292480,1,17.590771,35.000000,45.000000,67.000000,79.000000,99.000000,176.000000
1554846972,1858,229,39.519588,1,18.417974,36.000000,48.000000,68.000000,83.000000,101.000000,176.000000
