t,count,max,mean,min,stddev,p50,p75,p95,p98,p99,p999
1554846902,90,241,42.468633,1,26.060023,34.000000,50.000000,67.000000,79.000000,241.000000,241.000000
1554846912,327,241,42.183929,1,20.811801,35.000000,55.000000,69.000000,81.000000,89.000000,241.000000
1554846922,587,241,40.364489,1,18.782856,35.000000,49.000000,68.000000,81.000000,89.000000,241.000000
1554846932,837,241,40.157639,1,18.072166,35.000000,48.000000,69.000000,79.000000,89.000000,101.000000
1554846942,1114,110,38.550489,1,16.420795,34.000000,44.000000,68.000000,79.000000,89.000000,110.000000
1554846952,1389,122,37.577209,1,16.539868,34.000000,44.000000,67.000000,79.000000,89.000000,122.000000
1554846962,1666,122,37.106165,1,16.291205,35.000000,44.000000,67.000000,77.000000,89.000000,122.000000
1554846972,1931,122,37.187349,1,16.972785,36.000000,45.000000,67.000000,83.000000,92.000000,122.000000
