t,count,max,mean,min,stddev,p50,p75,p95,p98,p99,p999
1554846902,0,0,0.000000,0,0.000000,0.000000,0.000000,0.000000,0.000000,0.000000,0.000000
1554846912,0,0,0.000000,0,0.000000,0.000000,0.000000,0.000000,0.000000,0.000000,0.000000
1554846922,1,663,663.000000,663,0.000000,663.000000,663.000000,663.000000,663.000000,663.000000,663.000000
1554846932,2,663,493.971777,359,151.043171,359.000000,663.000000,663.000000,663.000000,663.000000,663.000000
1554846942,4,663,393.466535,270,140.017696,347.000000,359.000000,663.000000,663.000000,663.000000,663.000000
1554846952,4,663,393.466535,270,140.017696,347.000000,359.000000,663.000000,663.000000,663.000000,663.000000
1554846962,5,663,345.583976,223,141.307215,347.000000,359.000000,663.000000,663.000000,663.000000,663.000000
1554846972,5,663,345.583976,223,141.307215,347.000000,359.000000,663.000000,663.000000,663.000000,663.000000
