t,count,max,mean,min,stddev,p50,p75,p95,p98,p99,p999
1554846902,21,84,40.252580,17,18.842693,34.000000,48.000000,84.000000,84.000000,84.000000,84.000000
1554846912,241,129,44.917110,2,19.897243,42.000000,63.000000,76.000000,85.000000,93.000000,129.000000
1554846922,516,147,40.078983,2,17.130057,35.000000,49.000000,68.000000,77.000000,85.000000,147.000000
1554846932,789,201,38.601431,1,16.873739,34.000000,45.000000,67.000000,75.000000,87.000000,201.000000
1554846942,1072,201,37.408223,1,16.187819,34.000000,42.000000,67.000000,74.000000,87.000000,201.000000
1554846952,1332,201,37.637241,1,16.487642,34.000000,43.000000,67.000000,82.000000,89.000000,147.000000
1554846962,1592,201,38.022849,1,17.518978,35.000000,45.000000,68.000000,82.000000,87.000000,197.000000
1554846972,1839,201,38.561016,1,18.717453,36.000000,45.000000,70.000000,85.000000,104.000000,183.000000
