t,count,max,mean,min,stddev,p50,p75,p95,p98,p99,p999
1554846902,0,0,0.000000,0,0.000000,0.000000,0.000000,0.000000,0.000000,0.000000,0.000000
1554846912,0,0,0.000000,0,0.000000,0.000000,0.000000,0.000000,0.000000,0.000000,0.000000
1554846922,0,0,0.000000,0,0.000000,0.000000,0.000000,0.000000,0.000000,0.000000,0.000000
1554846932,1,899,899.000000,899,0.000000,899.000000,899.000000,899.000000,899.000000,899.000000,899.000000
1554846942,2,975,941.538237,899,37.728032,975.000000,975.000000,975.000000,975.000000,975.000000,975.000000
1554846952,2,975,941.538237,899,37.728032,975.000000,975.000000,975.000000,975.000000,975.000000,975.000000
1554846962,3,975,562.547242,83,427.246003,899.000000,975.000000,975.000000,975.000000,975.000000,975.000000
1554846972,3,975,562.547242,83,427.246003,899.000000,975.000000,975.000000,975.000000,975.000000,975.000000
