t,count,max,mean,min,stddev,p50,p75,p95,p98,p99,p999
1554846902,99,194,37.966549,16,19.600199,33.000000,37.000000,68.000000,75.000000,90.000000,194.000000
1554846912,325,194,42.404677,1,19.454629,35.000000,55.000000,71.000000,83.000000,90.000000,194.000000
1554846922,573,194,41.422010,1,19.480713,35.000000,52.000000,73.000000,86.000000,95.000000,194.000000
1554846932,840,194,39.886896,1,18.563792,34.000000,49.000000,70.000000,83.000000,91.000000,115.000000
1554846942,1126,194,38.137233,1,16.881724,34.000000,45.000000,68.000000,80.000000,83.000000,110.000000
1554846952,1388,201,37.928134,1,18.109796,34.000000,45.000000,68.000000,80.000000,83.000000,201.000000
1554846962,1644,162,37.635916,1,19.033481,34.000000,46.000000,71.000000,84.000000,109.000000,162.000000
1554846972,1873,200,38.534834,1,22.775627,35.000000,47.000000,79.000000,100.000000,126.000000,200.000000
