t,count,max,mean,min,stddev,p50,p75,p95,p98,p99,p999
1554847750,0,0,0.000000,0,0.000000,0.000000,0.000000,0.000000,0.000000,0.000000,0.000000
1554847760,5,1122,537.571756,179,356.686727,330.000000,785.000000,1122.000000,1122.000000,1122.000000,1122.000000
1554847770,10,1122,477.868976,70,371.568928,330.000000,785.000000,1122.000000,1122.000000,1122.000000,1122.000000
1554847780,15,1602,485.213976,32,449.956371,288.000000,785.000000,1602.000000,1602.000000,1602.000000,1602.000000
1554847790,20,1694,596.284688,32,553.934481,330.000000,1117.000000,1694.000000,1694.000000,1694.000000,1694.000000
1554847800,25,1694,598.307493,32,573.742474,288.000000,1122.000000,1626.000000,1694.000000,1694.000000,1694.000000
1554847810,30,1694,619.728408,32,545.358832,352.000000,1117.000000,1626.000000,1694.000000,1694.000000,1694.000000
1554847820,35,1694,566.970218,32,505.779154,330.000000,837.000000,1626.000000,1694.000000,1694.000000,1694.000000
1554847830,40,1694,680.234811,32,549.358309,389.000000,1345.000000,1602.000000,1694.000000,1694.000000,1694.000000
1554847840,45,1694,724.738980,32,563.561156,462.000000,1356.000000,1602.000000,1626.000000,1694.000000,1694.000000
1554847850,50,1694,726.403794,16,576.425810,389.000000,1356.000000,1567.000000,1626.000000,1694.000000,1694.000000
1554847860,55,1694,760.811804,16,572.442768,462.000000,1356.000000,1567.000000,1626.000000,1694.000000,1694.000000
1554847870,60,1694,780.164135,0,588.642386,516.000000,1356.000000,1600.000000,1626.000000,1626.000000,1694.000000
1554847880,65,1694,768.934103,0,602.116781,462.000000,1367.000000,1602.000000,1615.000000,1626.000000,1694.000000
1554847890,70,1694,726.167790,0,579.364462,370.000000,1346.000000,1600.000000,1615.000000,1626.000000,1694.000000
1554847900,75,1694,714.955912,0,561.200865,370.000000,1324.000000,1600.000000,1615.000000,1626.000000,1694.000000
1554847910,80,1694,702.173999,0,558.637250,367.000000,1324.000000,1600.000000,1615.000000,1626.000000,1694.000000
1554847920,85,1694,661.767889,0,551.456710,367.000000,1322.000000,1567.000000,1615.000000,1615.000000,1694.000000
1554847930,90,1694,734.147684,0,564.921185,400.000000,1345.000000,1425.000000,1615.000000,1615.000000,1694.000000
