t,count,max,mean,min,stddev,p50,p75,p95,p98,p99,p999
1554652306,162,78,4.354248,0,12.692180,0.000000,0.000000,33.000000,50.000000,64.000000,78.000000
1554652316,407,111,4.587436,0,13.580796,0.000000,0.000000,32.000000,56.000000,78.000000,111.000000
1554652326,616,111,4.632096,0,12.520344,0.000000,0.000000,31.000000,50.000000,63.000000,111.000000
1554652336,848,111,4.505006,0,12.314581,0.000000,0.000000,25.000000,47.000000,63.000000,111.000000
1554652346,1072,111,4.504297,0,12.124540,0.000000,0.000000,25.000000,44.000000,63.000000,104.000000
1554652356,1294,111,4.394500,0,11.544415,0.000000,0.000000,22.000000,44.000000,56.000000,102.000000
1554652366,1498,102,4.958400,0,11.731551,0.000000,0.000000,31.000000,44.000000,63.000000,95.000000
