t,count,max,mean,min,stddev,p50,p75,p95,p98,p99,p999
1552245084,408,30,2.893967,0,5.237067,2.000000,2.000000,11.000000,29.000000,29.000000,30.000000
1552245094,768,30,2.200745,0,3.794068,2.000000,2.000000,3.000000,12.000000,29.000000,30.000000
1552245104,1109,32,2.832503,0,5.278897,2.000000,2.000000,11.000000,28.000000,29.000000,32.000000
1552245114,1386,32,2.549078,0,4.598981,2.000000,2.000000,6.000000,25.000000,29.000000,32.000000
1552245124,1778,30,2.191840,0,3.660206,2.000000,2.000000,2.000000,13.000000,26.000000,30.000000
1552245134,2020,30,2.009470,0,3.154439,2.000000,2.000000,2.000000,10.000000,25.000000,30.000000
1552245144,2272,30,1.920039,0,2.863547,2.000000,2.000000,2.000000,6.000000,23.000000,30.000000
