t,count,max,mean,min,stddev,p50,p75,p95,p98,p99,p999
1554652306,1,77,77.000000,77,0.000000,77.000000,77.000000,77.000000,77.000000,77.000000,77.000000
1554652316,1,77,77.000000,77,0.000000,77.000000,77.000000,77.000000,77.000000,77.000000,77.000000
1554652326,1,77,77.000000,77,0.000000,77.000000,77.000000,77.000000,77.000000,77.000000,77.000000
1554652336,2,100,91.451272,77,11.114855,100.000000,100.000000,100.000000,100.000000,100.000000,100.000000
1554652346,2,100,91.451272,77,11.114855,100.000000,100.000000,100.000000,100.000000,100.000000,100.000000
1554652356,3,526,292.491684,77,216.820186,100.000000,526.000000,526.000000,526.000000,526.000000,526.000000
1554652366,3,526,292.491684,77,216.820186,100.000000,526.000000,526.000000,526.000000,526.000000,526.000000
