t,count,max,mean,min,stddev,p50,p75,p95,p98,p99,p999
1554847751,2,1281,814.608017,362,459.448311,362.000000,1281.000000,1281.000000,1281.000000,1281.000000,1281.000000
1554847761,7,1545,1090.361261,127,529.326393,1311.000000,1478.000000,1545.000000,1545.000000,1545.000000,1545.000000
1554847771,12,1545,964.913370,114,568.260593,1281.000000,1478.000000,1545.000000,1545.000000,1545.000000,1545.000000
1554847781,17,1611,939.169489,114,595.838924,1281.000000,1478.000000,1611.000000,1611.000000,1611.000000,1611.000000
1554847791,22,1611,822.190995,95,604.870676,1063.000000,1478.000000,1553.000000,1611.000000,1611.000000,1611.000000
1554847801,27,1611,852.172643,95,600.462525,1063.000000,1478.000000,1588.000000,1611.000000,1611.000000,1611.000000
1554847811,32,1611,839.024268,95,597.275344,1063.000000,1400.000000,1588.000000,1611.000000,1611.000000,1611.000000
1554847821,37,1611,778.377230,95,578.114875,509.000000,1347.000000,1588.000000,1611.000000,1611.000000,1611.000000
1554847831,42,1611,798.364632,95,563.078751,539.000000,1349.000000,1572.000000,1588.000000,1611.000000,1611.000000
1554847841,47,1611,782.950753,95,558.698162,542.000000,1349.000000,1572.000000,1588.000000,1611.000000,1611.000000
1554847851,52,1611,856.303598,56,587.647609,542.000000,1389.000000,1578.000000,1588.000000,1611.000000,1611.000000
1554847861,57,1611,853.778670,56,580.789199,659.000000,1389.000000,1578.000000,1588.000000,1588.000000,1611.000000
1554847871,62,1611,949.568642,56,573.997016,1334.000000,1498.000000,1578.000000,1578.000000,1588.000000,1611.000000
1554847881,67,1611,995.633254,56,582.236817,1356.000000,1534.000000,1578.000000,1589.000000,1589.000000,1611.000000
1554847891,72,1611,901.143252,16,620.514591,1311.000000,1528.000000,1578.000000,1589.000000,1589.000000,1611.000000
1554847901,77,1611,929.808037,16,616.323210,1344.000000,1545.000000,1581.000000,1589.000000,1589.000000,1611.000000
1554847911,82,1611,894.504829,0,614.669661,1073.000000,1528.000000,1581.000000,1589.000000,1589.000000,1611.000000
1554847921,87,1611,821.107425,0,614.066508,1001.000000,1389.000000,1578.000000,1588.000000,1589.000000,1611.000000
