t,count,max,mean,min,stddev,p50,p75,p95,p98,p99,p999
1554847741,0,0,0.000000,0,0.000000,0.000000,0.000000,0.000000,0.000000,0.000000,0.000000
1554847751,0,0,0.000000,0,0.000000,0.000000,0.000000,0.000000,0.000000,0.000000,0.000000
1554847761,1,414,414.000000,414,0.000000,414.000000,414.000000,414.000000,414.000000,414.000000,414.000000
1554847771,1,414,414.000000,414,0.000000,414.000000,414.000000,414.000000,414.000000,414.000000,414.000000
1554847781,2,826,647.642277,414,204.136975,826.000000,826.000000,826.000000,826.000000,826.000000,826.000000
1554847791,2,826,647.642277,414,204.136975,826.000000,826.000000,826.000000,826.000000,826.000000,826.000000
1554847801,3,826,402.579165,47,334.378574,414.000000,826.000000,826.000000,826.000000,826.000000,826.000000
1554847811,4,826,426.393004,47,274.060316,473.000000,473.000000,826.000000,826.000000,826.000000,826.000000
1554847821,4,826,426.393004,47,274.060316,473.000000,473.000000,826.000000,826.000000,826.000000,826.000000
1554847831,5,826,321.979235,47,272.505430,100.000000,473.000000,826.000000,826.000000,826.000000,826.000000
1554847841,6,915,474.032461,47,349.670340,473.000000,915.000000,915.000000,915.000000,915.000000,915.000000
1554847851,6,915,474.032461,47,349.670340,473.000000,915.000000,915.000000,915.000000,915.000000,915.000000
1554847861,6,915,474.032461,47,349.670340,473.000000,915.000000,915.000000,915.000000,915.000000,915.000000
1554847871,6,915,474.032461,47,349.670340,473.000000,915.000000,915.000000,915.000000,915.000000,915.000000
1554847881,6,915,474.032461,47,349.670340,473.000000,915.000000,915.000000,915.000000,915.000000,915.000000
1554847891,6,915,474.032461,47,349.670340,473.000000,915.000000,915.000000,915.000000,915.000000,915.000000
1554847901,7,915,528.164215,47,278.579019,609.000000,609.000000,915.000000,915.000000,915.000000,915.000000
1554847911,7,915,528.164215,47,278.579019,609.000000,609.000000,915.000000,915.000000,915.000000,915.000000
1554847921,7,915,528.164215,47,278.579019,609.000000,609.000000,915.000000,915.000000,915.000000,915.000000
