t,count,max,mean,min,stddev,p50,p75,p95,p98,p99,p999
1552245084,0,0,0.000000,0,0.000000,0.000000,0.000000,0.000000,0.000000,0.000000,0.000000
1552245094,1,2,2.000000,2,0.000000,2.000000,2.000000,2.000000,2.000000,2.000000,2.000000
1552245104,2,2,1.443986,1,0.496853,1.000000,2.000000,2.000000,2.000000,2.000000,2.000000
1552245114,4,3,1.767878,1,0.864598,1.000000,3.000000,3.000000,3.000000,3.000000,3.000000
1552245124,5,3,1.583424,1,0.821936,1.000000,2.000000,3.000000,3.000000,3.000000,3.000000
1552245134,5,3,1.583424,1,0.821936,1.000000,2.000000,3.000000,3.000000,3.000000,3.000000
1552245144,6,3,1.430638,1,0.751302,1.000000,2.000000,3.000000,3.000000,3.000000,3.000000
