t,count,max,mean,min,stddev,p50,p75,p95,p98,p99,p999
1552245084,2,200,101.439169,10,94.933242,10.000000,200.000000,200.000000,200.000000,200.000000,200.000000
1552245094,6,200,31.347983,1,68.929307,1.000000,10.000000,200.000000,200.000000,200.000000,200.000000
1552245104,8,200,23.287590,1,59.281672,1.000000,7.000000,200.000000,200.000000,200.000000,200.000000
1552245114,10,200,20.578231,1,51.751136,1.000000,10.000000,200.000000,200.000000,200.000000,200.000000
1552245124,12,200,16.775234,1,46.136444,1.000000,7.000000,200.000000,200.000000,200.000000,200.000000
1552245134,16,200,14.326604,0,37.866261,1.000000,17.000000,25.000000,200.000000,200.000000,200.000000
1552245144,19,200,13.273787,0,33.675758,4.000000,17.000000,25.000000,200.000000,200.000000,200.000000
