t,count,max,mean,min,stddev,p50,p75,p95,p98,p99,p999
1552245084,407,29,2.153889,0,3.730823,1.000000,1.000000,14.000000,15.000000,18.000000,29.000000
1552245094,590,35,2.918953,0,5.964702,1.000000,1.000000,16.000000,27.000000,29.000000,35.000000
1552245104,590,35,2.918953,0,5.964702,1.000000,1.000000,16.000000,27.000000,29.000000,35.000000
1552245114,590,35,2.918953,0,5.964702,1.000000,1.000000,16.000000,27.000000,29.000000,35.000000
1552245124,814,35,2.188901,0,4.718003,1.000000,1.000000,8.000000,26.000000,28.000000,35.000000
1552245134,943,35,1.963948,0,4.223363,1.000000,1.000000,4.000000,25.000000,27.000000,31.000000
1552245144,1332,35,1.457492,0,2.864588,1.000000,1.000000,2.000000,3.000000,20.000000,30.000000
