t,count,max,mean,min,stddev,p50,p75,p95,p98,p99,p999
1554846897,89,33,2.823048,0,6.613979,0.000000,0.000000,16.000000,31.000000,33.000000,33.000000
1554846907,318,63,3.251910,0,8.109920,0.000000,0.000000,22.000000,31.000000,33.000000,63.000000
1554846917,556,117,4.861530,0,12.771790,0.000000,0.000000,22.000000,44.000000,63.000000,117.000000
1554846927,809,200,5.203380,0,15.921914,0.000000,0.000000,22.000000,56.000000,87.000000,200.000000
1554846937,1073,200,5.070350,0,14.917303,0.000000,0.000000,22.000000,47.000000,73.000000,200.000000
1554846947,1330,200,5.529097,0,15.816111,0.000000,0.000000,25.000000,56.000000,100.000000,126.000000
1554846957,1593,208,5.888001,0,17.296131,0.000000,1.000000,26.000000,56.000000,101.000000,208.000000
1554846967,1847,208,6.617304,0,16.957502,0.000000,11.000000,31.000000,56.000000,88.000000,208.000000
