t,count,max,mean,min,stddev,p50,p75,p95,p98,p99,p999
1554846907,15,33,6.466667,0,10.910953,0.000000,11.000000,33.000000,33.000000,33.000000,33.000000
1554846917,264,44,5.408199,0,7.868556,0.000000,11.000000,22.000000,25.000000,31.000000,44.000000
1554846927,539,127,4.623112,0,9.801758,0.000000,11.000000,22.000000,31.000000,33.000000,127.000000
1554846937,812,134,4.930618,0,12.604278,0.000000,11.000000,22.000000,43.000000,56.000000,134.000000
1554846947,1078,200,5.688986,0,15.955585,0.000000,11.000000,22.000000,46.000000,100.000000,200.000000
1554846957,1331,200,5.882804,0,15.482009,0.000000,11.000000,25.000000,44.000000,79.000000,200.000000
1554846967,1566,200,5.962512,0,15.605201,0.000000,11.000000,25.000000,56.000000,67.000000,200.000000
