t,count,max,mean,min,stddev,p50,p75,p95,p98,p99,p999
1554846907,225,63,4.860479,0,10.685278,0.000000,11.000000,25.000000,33.000000,63.000000,63.000000
1554846917,452,128,4.565866,0,11.775044,0.000000,0.000000,22.000000,33.000000,63.000000,128.000000
1554846927,721,128,4.977608,0,13.567631,0.000000,0.000000,31.000000,47.000000,67.000000,128.000000
1554846937,979,128,5.280364,0,14.151861,0.000000,0.000000,31.000000,54.000000,71.000000,122.000000
1554846947,1225,128,5.416346,0,14.277260,0.000000,0.000000,31.000000,54.000000,67.000000,122.000000
1554846957,1469,122,5.025921,0,13.526406,0.000000,0.000000,25.000000,44.000000,71.000000,122.000000
1554846967,1707,122,5.970569,0,14.684793,0.000000,11.000000,33.000000,47.000000,78.000000,117.000000
