t,count,max,mean,min,stddev,p50,p75,p95,p98,p99,p999
1554846897,4,1671,1407.750000,1320,151.987458,1320.000000,1671.000000,1671.000000,1671.000000,1671.000000,1671.000000
1554846907,40,1765,680.027688,89,700.253134,267.000000,1671.000000,1765.000000,1765.000000,1765.000000,1765.000000
1554846917,75,1765,477.336230,89,568.004478,267.000000,440.000000,1765.000000,1765.000000,1765.000000,1765.000000
1554846927,130,1765,440.015979,89,423.781850,351.000000,440.000000,1671.000000,1765.000000,1765.000000,1765.000000
1554846937,167,1765,402.302652,89,399.626492,351.000000,440.000000,1671.000000,1765.000000,1765.000000,1765.000000
1554846947,202,1765,374.709383,89,367.882703,351.000000,440.000000,1320.000000,1760.000000,1765.000000,1765.000000
1554846957,263,1765,392.956312,89,336.285188,351.000000,440.000000,791.000000,1671.000000,1765.000000,1765.000000
1554846967,301,1765,422.593178,89,336.694872,351.000000,702.000000,1053.000000,1671.000000,1765.000000,1765.000000
