t,count,max,mean,min,stddev,p50,p75,p95,p98,p99,p999
1554846907,212,145,41.462736,1,19.448631,34.000000,52.000000,68.000000,83.000000,89.000000,145.000000
1554846917,476,145,39.394582,1,17.971442,34.000000,49.000000,67.000000,84.000000,91.000000,145.000000
1554846927,756,145,37.665986,1,15.680640,34.000000,44.000000,67.000000,73.000000,87.000000,145.000000
1554846937,1041,145,36.782004,1,15.218147,34.000000,42.000000,67.000000,71.000000,84.000000,143.000000
1554846947,1323,143,36.028773,1,14.184534,34.000000,42.000000,64.000000,69.000000,82.000000,143.000000
1554846957,1591,143,36.424327,1,15.240007,34.000000,43.000000,66.000000,81.000000,89.000000,107.000000
1554846967,1857,143,36.615365,1,15.520686,34.000000,44.000000,66.000000,77.000000,88.000000,107.000000
