t,count,max,mean,min,stddev,p50,p75,p95,p98,p99,p999
1554846907,167,97,41.037722,1,17.525116,35.000000,51.000000,69.000000,81.000000,84.000000,97.000000
1554846917,425,173,39.617591,1,18.490708,34.000000,47.000000,71.000000,84.000000,91.000000,173.000000
1554846927,714,173,37.192306,1,15.817723,34.000000,42.000000,67.000000,79.000000,88.000000,173.000000
1554846937,995,198,36.682797,1,15.631218,34.000000,41.000000,67.000000,74.000000,88.000000,198.000000
1554846947,1272,177,36.335395,1,14.688979,34.000000,41.000000,63.000000,70.000000,79.000000,177.000000
1554846957,1526,173,37.002917,1,14.480421,34.000000,43.000000,65.000000,72.000000,81.000000,130.000000
1554846967,1770,184,38.008103,1,16.033467,35.000000,46.000000,67.000000,80.000000,86.000000,184.000000
