t,count,max,mean,min,stddev,p50,p75,p95,p98,p99,p999
1554846907,18,69,43.333333,3,20.386814,49.000000,64.000000,69.000000,69.000000,69.000000,69.000000
1554846917,280,135,38.757574,1,18.436694,36.000000,47.000000,68.000000,86.000000,100.000000,135.000000
1554846927,562,135,36.645445,1,15.136248,34.000000,43.000000,66.000000,70.000000,84.000000,135.000000
1554846937,843,202,36.303586,1,15.601724,34.000000,42.000000,66.000000,75.000000,84.000000,202.000000
1554846947,1118,202,36.306966,1,15.847451,34.000000,42.000000,66.000000,79.000000,86.000000,137.000000
1554846957,1383,202,37.007539,1,16.661385,34.000000,44.000000,67.000000,79.000000,86.000000,137.000000
1554846967,1634,202,37.839440,1,18.495142,35.000000,45.000000,71.000000,82.000000,87.000000,184.000000
