t,count,max,mean,min,stddev,p50,p75,p95,p98,p99,p999
1554846917,3,42,28.896637,17,10.348438,28.000000,42.000000,42.000000,42.000000,42.000000,42.000000
1554846927,6,929,376.169838,17,366.131609,344.000000,748.000000,929.000000,929.000000,929.000000,929.000000
1554846937,11,929,236.175209,10,307.392466,42.000000,344.000000,929.000000,929.000000,929.000000,929.000000
1554846947,16,929,215.204249,9,306.362183,37.000000,342.000000,929.000000,929.000000,929.000000,929.000000
1554846957,20,940,241.207697,9,322.900013,42.000000,342.000000,940.000000,940.000000,940.000000,940.000000
1554846967,25,940,201.874863,9,291.586237,41.000000,342.000000,929.000000,940.000000,940.000000,940.000000
