t,count,max,mean,min,stddev,p50,p75,p95,p98,p99,p999
1554846907,0,0,0.000000,0,0.000000,0.000000,0.000000,0.000000,0.000000,0.000000,0.000000
1554846917,0,0,0.000000,0,0.000000,0.000000,0.000000,0.000000,0.000000,0.000000,0.000000
1554846927,1,739,739.000000,739,0.000000,739.000000,739.000000,739.000000,739.000000,739.000000,739.000000
1554846937,1,739,739.000000,739,0.000000,739.000000,739.000000,739.000000,739.000000,739.000000,739.000000
1554846947,2,739,621.811388,531,103.160363,531.000000,739.000000,739.000000,739.000000,739.000000,739.000000
1554846957,2,739,621.811388,531,103.160363,531.000000,739.000000,739.000000,739.000000,739.000000,739.000000
1554846967,2,739,621.811388,531,103.160363,531.000000,739.000000,739.000000,739.000000,739.000000,739.000000
