t,count,max,mean,min,stddev,p50,p75,p95,p98,p99,p999
1554846907,5,32,22.239940,19,4.742065,20.000000,21.000000,32.000000,32.000000,32.000000,32.000000
1554846917,9,432,125.980603,19,176.115120,21.000000,40.000000,432.000000,432.000000,432.000000,432.000000
1554846927,14,432,84.300992,15,143.993575,28.000000,33.000000,432.000000,432.000000,432.000000,432.000000
1554846937,18,437,98.493385,14,157.570752,28.000000,33.000000,437.000000,437.000000,437.000000,437.000000
1554846947,22,837,132.632322,2,231.244850,30.000000,37.000000,837.000000,837.000000,837.000000,837.000000
1554846957,26,837,110.043215,2,208.531334,30.000000,37.000000,437.000000,837.000000,837.000000,837.000000
1554846967,30,837,94.641626,2,188.914529,32.000000,41.000000,437.000000,837.000000,837.000000,837.000000
