t,count,max,mean,min,stddev,p50,p75,p95,p98,p99,p999
1554846897,2,115,62.106257,10,52.498523,10.000000,115.000000,115.000000,115.000000,115.000000,115.000000
1554846907,6,608,269.908779,9,252.196473,210.000000,590.000000,608.000000,608.000000,608.000000,608.000000
1554846917,11,608,167.872157,6,213.589442,39.000000,220.000000,608.000000,608.000000,608.000000,608.000000
1554846927,14,608,132.189034,4,194.907504,39.000000,210.000000,608.000000,608.000000,608.000000,608.000000
1554846937,19,608,94.285482,3,168.336634,25.000000,42.000000,590.000000,608.000000,608.000000,608.000000
1554846947,24,608,84.109250,3,148.353425,25.000000,44.000000,590.000000,608.000000,608.000000,608.000000
1554846957,28,608,71.985199,3,134.407521,27.000000,42.000000,590.000000,608.000000,608.000000,608.000000
1554846967,33,608,68.897321,3,122.723390,27.000000,39.000000,220.000000,590.000000,608.000000,608.000000
