t,count,max,mean,min,stddev,p50,p75,p95,p98,p99,p999
1554846907,1,15,15.000000,15,0.000000,15.000000,15.000000,15.000000,15.000000,15.000000,15.000000
1554846917,4,238,81.601238,15,90.620100,44.000000,44.000000,238.000000,238.000000,238.000000,238.000000
1554846927,9,238,42.069063,8,65.904502,25.000000,29.000000,238.000000,238.000000,238.000000,238.000000
1554846937,13,452,76.558606,8,129.222807,28.000000,42.000000,452.000000,452.000000,452.000000,452.000000
1554846947,18,841,143.039257,8,233.858071,37.000000,44.000000,841.000000,841.000000,841.000000,841.000000
1554846957,23,841,138.396935,8,225.787939,29.000000,44.000000,523.000000,841.000000,841.000000,841.000000
1554846967,28,841,112.340802,8,201.282815,28.000000,45.000000,523.000000,841.000000,841.000000,841.000000
