t,count,max,mean,min,stddev,p50,p75,p95,p98,p99,p999
1554846907,200,114,44.521910,3,19.452005,38.000000,66.000000,75.000000,86.000000,101.000000,114.000000
1554846917,455,132,41.308489,1,18.878697,35.000000,51.000000,74.000000,89.000000,96.000000,132.000000
1554846927,733,132,38.874713,1,16.861725,34.000000,44.000000,68.000000,84.000000,94.000000,132.000000
1554846937,1013,208,37.855331,1,16.327403,34.000000,42.000000,67.000000,80.000000,93.000000,208.000000
1554846947,1281,208,37.066214,1,16.327407,34.000000,42.000000,67.000000,82.000000,92.000000,141.000000
1554846957,1540,141,37.383535,1,15.839528,34.000000,43.000000,67.000000,80.000000,88.000000,141.000000
1554846967,1804,208,37.710015,1,17.398500,34.000000,44.000000,69.000000,83.000000,92.000000,208.000000
