t,count,max,mean,min,stddev,p50,p75,p95,p98,p99,p999
1554846907,2,33,25.612492,18,7.499156,33.000000,33.000000,33.000000,33.000000,33.000000,33.000000
1554846917,6,150,45.632206,15,50.214442,23.000000,33.000000,150.000000,150.000000,150.000000,150.000000
1554846927,11,150,37.186019,1,54.323397,18.000000,33.000000,150.000000,150.000000,150.000000,150.000000
1554846937,16,150,24.737556,1,46.114107,6.000000,20.000000,150.000000,150.000000,150.000000,150.000000
1554846947,20,150,27.637943,1,50.307325,4.000000,20.000000,147.000000,150.000000,150.000000,150.000000
1554846957,24,742,94.143466,1,204.564818,4.000000,33.000000,742.000000,742.000000,742.000000,742.000000
1554846967,29,742,75.613384,1,180.651208,9.000000,27.000000,555.000000,742.000000,742.000000,742.000000
