t,count,max,mean,min,stddev,p50,p75,p95,p98,p99,p999
1554846907,79,84,48.694494,1,19.000591,51.000000,67.000000,70.000000,71.000000,84.000000,84.000000
1554846917,320,98,43.312416,1,18.051645,40.000000,56.000000,70.000000,83.000000,85.000000,98.000000
1554846927,587,119,40.211743,1,16.632511,35.000000,49.000000,68.000000,78.000000,85.000000,119.000000
1554846937,874,119,38.141556,1,15.718330,34.000000,43.000000,67.000000,77.000000,85.000000,119.000000
1554846947,1156,119,37.026436,1,15.549563,34.000000,43.000000,67.000000,79.000000,85.000000,115.000000
1554846957,1413,112,37.352070,1,15.597962,34.000000,44.000000,67.000000,79.000000,83.000000,101.000000
1554846967,1666,112,37.864227,1,16.217738,35.000000,45.000000,68.000000,79.000000,84.000000,110.000000
