t,count,max,mean,min,stddev,p50,p75,p95,p98,p99,p999
1554652306,2,745,409.794096,108,318.061571,108.000000,745.000000,745.000000,745.000000,745.000000,745.000000
1554652316,2,745,409.794096,108,318.061571,108.000000,745.000000,745.000000,745.000000,745.000000,745.000000
1554652326,3,745,248.321009,21,309.603830,108.000000,745.000000,745.000000,745.000000,745.000000,745.000000
1554652336,3,745,248.321009,21,309.603830,108.000000,745.000000,745.000000,745.000000,745.000000,745.000000
1554652346,3,745,248.321009,21,309.603830,108.000000,745.000000,745.000000,745.000000,745.000000,745.000000
1554652356,3,745,248.321009,21,309.603830,108.000000,745.000000,745.000000,745.000000,745.000000,745.000000
1554652366,3,745,248.321009,21,309.603830,108.000000,745.000000,745.000000,745.000000,745.000000,745.000000
