t,count,max,mean,min,stddev,p50,p75,p95,p98,p99,p999
1552484175,88,985,20.761375,0,112.557715,0.000000,0.000000,31.000000,283.000000,985.000000,985.000000
1552484185,247,985,13.877005,0,85.391111,0.000000,0.000000,22.000000,219.000000,477.000000,985.000000
1552484195,332,1739,17.057238,0,126.856474,0.000000,0.000000,11.000000,219.000000,477.000000,1739.000000
1552484205,426,1872,25.027967,0,162.197282,0.000000,0.000000,31.000000,370.000000,889.000000,1872.000000
1552484215,616,1872,20.442408,0,149.510443,0.000000,0.000000,22.000000,239.000000,749.000000,1872.000000
1552484225,720,2263,24.947049,0,178.877972,0.000000,0.000000,22.000000,278.000000,889.000000,2263.000000
1552484235,973,2263,18.703672,0,147.194999,0.000000,0.000000,16.000000,219.000000,611.000000,2263.000000
1552484245,1209,2263,15.123552,0,127.427211,0.000000,0.000000,16.000000,44.000000,524.000000,1872.000000
1552484255,1294,2263,18.008682,0,140.713990,0.000000,0.000000,16.000000,111.000000,611.000000,1872.000000
1552484265,1486,1600,16.349529,0,118.579945,0.000000,0.000000,16.000000,133.000000,611.000000,1600.000000
