t,count,max,mean,min,stddev,p50,p75,p95,p98,p99,p999,mean_rate,m1_rate,m5_rate,m15_rate,rate_unit,duration_unit
1552427993,0,0.000000,0.000000,0.000000,0.000000,0.000000,0.000000,0.000000,0.000000,0.000000,0.000000,0.000000,0.000000,0.000000,0.000000,calls/second,milliseconds
1552428023,474,2.609961,0.174151,0.089268,0.128217,0.159571,0.192035,0.259521,0.335894,0.407727,2.609961,7.980736,3.917824,0.809899,0.271467,calls/second,milliseconds
1552428053,2038,2.609961,0.115462,0.060901,0.081734,0.103891,0.118494,0.181783,0.230590,0.278090,0.662057,22.799797,22.844315,5.676450,1.965316,calls/second,milliseconds
1552428083,3665,2.609961,0.103429,0.062278,0.068134,0.097557,0.108490,0.141345,0.182014,0.228125,0.662057,30.698268,35.205997,10.290082,3.675855,calls/second,milliseconds
1552428113,5311,2.609961,0.095880,0.058041,0.056105,0.091042,0.100707,0.124698,0.145180,0.177894,0.509117,35.551323,42.859645,14.512954,5.347520,calls/second,milliseconds
1552428143,6914,2.609961,0.081762,0.045290,0.046953,0.079457,0.090915,0.112575,0.126004,0.143840,0.272775,38.544621,46.922334,18.204223,6.920338,calls/second,milliseconds
1552428173,8490,0.509117,0.079564,0.045290,0.019496,0.077317,0.086498,0.107898,0.126108,0.159969,0.216308,40.546729,49.226978,21.500894,8.426415,calls/second,milliseconds
1552428203,10110,5.195678,0.084306,0.045128,0.192762,0.074724,0.084576,0.103239,0.118770,0.126182,5.195678,42.232656,51.108547,24.588722,9.918479,calls/second,milliseconds
