t,count,mean_rate,m1_rate,m5_rate,m15_rate,rate_unit
1552427993,0,0.000000,0.000000,0.000000,0.000000,events/second
1552428023,21,0.353368,0.191893,0.039669,0.013296,events/second
1552428053,81,0.905823,0.903328,0.226219,0.078428,events/second
1552428083,141,1.180677,1.334835,0.395016,0.141425,events/second
1552428113,201,1.345153,1.596557,0.547751,0.202356,events/second
1552428143,261,1.454744,1.755299,0.685951,0.261290,events/second
1552428173,321,1.532775,1.851582,0.810999,0.318292,events/second
1552428203,381,1.591316,1.909980,0.924147,0.373425,events/second
