t,count,max,mean,min,stddev,p50,p75,p95,p98,p99,p999
1552484175,108,67,27.433525,10,11.773367,33.000000,33.000000,50.000000,66.000000,67.000000,67.000000
1552484185,272,72,24.631844,10,12.079990,17.000000,33.000000,50.000000,66.000000,67.000000,72.000000
1552484195,435,72,23.375968,10,11.695619,17.000000,33.000000,50.000000,66.000000,67.000000,72.000000
1552484205,610,83,22.542259,10,11.390576,17.000000,33.000000,50.000000,50.000000,66.000000,83.000000
1552484215,854,83,22.856901,10,11.296560,17.000000,33.000000,50.000000,50.000000,66.000000,83.000000
1552484225,1098,84,22.413492,10,11.303021,17.000000,33.000000,50.000000,50.000000,66.000000,84.000000
1552484235,1181,84,23.830208,10,12.228127,17.000000,33.000000,50.000000,66.000000,67.000000,84.000000
1552484245,1341,84,24.045163,12,12.425352,17.000000,33.000000,50.000000,66.000000,67.000000,84.000000
1552484255,1430,84,24.026011,16,12.218594,17.000000,33.000000,50.000000,66.000000,67.000000,84.000000
1552484265,1632,84,23.313705,15,12.017224,17.000000,33.000000,50.000000,51.000000,67.000000,67.000000
