t,count,max,mean,min,stddev,p50,p75,p95,p98,p99,p999
1552484175,169,18,8.052892,1,4.959132,7.000000,13.000000,17.000000,17.000000,18.000000,18.000000
1552484185,278,18,8.857523,1,4.806551,9.000000,13.000000,17.000000,17.000000,18.000000,18.000000
1552484195,368,18,9.012041,1,4.822088,9.000000,13.000000,17.000000,17.000000,18.000000,18.000000
1552484205,576,24,9.322375,1,4.844928,9.000000,13.000000,17.000000,17.000000,18.000000,24.000000
1552484215,678,25,9.515663,1,4.877848,10.000000,13.000000,17.000000,17.000000,18.000000,25.000000
1552484225,678,25,9.515663,1,4.877848,10.000000,13.000000,17.000000,17.000000,18.000000,25.000000
1552484235,678,25,9.515663,1,4.877848,10.000000,13.000000,17.000000,17.000000,18.000000,25.000000
1552484245,748,25,9.343447,1,5.063147,9.000000,14.000000,17.000000,17.000000,18.000000,25.000000
1552484255,880,25,9.500712,1,5.049292,10.000000,14.000000,17.000000,17.000000,18.000000,25.000000
1552484265,1004,25,9.416231,1,4.927400,10.000000,14.000000,17.000000,17.000000,17.000000,24.000000
