t,count,max,mean,min,stddev,p50,p75,p95,p98,p99,p999
1552428023,5,800,383.677409,30,305.953985,200.000000,718.000000,800.000000,800.000000,800.000000,800.000000
1552428053,32,999,558.460423,30,259.340318,533.000000,800.000000,967.000000,999.000000,999.000000,999.000000
1552428083,49,1000,547.699587,7,245.468737,533.000000,683.000000,999.000000,1000.000000,1000.000000,1000.000000
1552428113,63,1000,530.161181,7,237.157871,524.000000,683.000000,882.000000,1000.000000,1000.000000,1000.000000
1552428143,65,1000,529.314446,7,229.714310,518.000000,675.000000,882.000000,999.000000,1000.000000,1000.000000
1552428173,65,1000,529.314446,7,229.714310,518.000000,675.000000,882.000000,999.000000,1000.000000,1000.000000
1552428203,65,1000,529.314446,7,229.714310,518.000000,675.000000,882.000000,999.000000,1000.000000,1000.000000
