t,count,max,mean,min,stddev,p50,p75,p95,p98,p99,p999
1554847750,5,28,11.599643,4,8.151199,9.000000,10.000000,28.000000,28.000000,28.000000,28.000000
1554847760,9,408,106.734540,4,168.571437,10.000000,28.000000,408.000000,408.000000,408.000000,408.000000
1554847770,14,408,70.147214,3,136.683685,21.000000,23.000000,408.000000,408.000000,408.000000,408.000000
1554847780,18,408,83.667008,3,147.624564,20.000000,23.000000,408.000000,408.000000,408.000000,408.000000
1554847790,22,802,116.079450,3,219.187014,19.000000,23.000000,802.000000,802.000000,802.000000,802.000000
1554847800,27,802,90.172931,3,193.419371,18.000000,21.000000,408.000000,802.000000,802.000000,802.000000
1554847810,31,802,104.311036,3,208.849678,18.000000,21.000000,595.000000,802.000000,802.000000,802.000000
1554847820,36,802,83.530673,3,188.790623,17.000000,20.000000,595.000000,802.000000,802.000000,802.000000
1554847830,41,802,84.583195,3,182.983220,16.000000,20.000000,595.000000,802.000000,802.000000,802.000000
1554847840,44,987,118.218873,3,252.143490,17.000000,20.000000,802.000000,987.000000,987.000000,987.000000
1554847850,49,987,112.744113,1,237.286596,17.000000,20.000000,802.000000,987.000000,987.000000,987.000000
1554847860,53,987,132.282798,1,256.329337,17.000000,22.000000,799.000000,987.000000,987.000000,987.000000
1554847870,54,987,166.470698,1,301.504672,17.000000,181.000000,981.000000,987.000000,987.000000,987.000000
1554847880,59,987,142.556344,1,276.305066,16.000000,23.000000,981.000000,987.000000,987.000000,987.000000
1554847890,63,987,151.781433,1,271.611246,16.000000,177.000000,802.000000,981.000000,987.000000,987.000000
1554847900,68,987,146.540835,1,263.711064,15.000000,177.000000,799.000000,981.000000,987.000000,987.000000
1554847910,73,987,147.073364,1,255.974017,13.000000,177.000000,799.000000,981.000000,987.000000,987.000000
1554847920,78,987,123.201444,1,239.234214,9.000000,24.000000,595.000000,981.000000,987.000000,987.000000
1554847930,83,987,129.074837,1,236.931801,9.000000,174.000000,593.000000,981.000000,981.000000,987.000000
