t,count,max,mean,min,stddev,p50,p75,p95,p98,p99,p999
1552261740,100,68,30.515846,10,13.227885,32.000000,34.000000,50.000000,65.000000,67.000000,68.000000
1552261750,189,68,29.932051,7,12.305067,31.000000,35.000000,50.000000,65.000000,68.000000,68.000000
1552261760,447,68,26.045870,7,11.548622,24.000000,33.000000,49.000000,54.000000,62.000000,68.000000
1552261770,740,68,24.974917,1,11.470372,22.000000,33.000000,49.000000,52.000000,60.000000,68.000000
1552261780,958,70,25.407306,1,11.690090,23.000000,33.000000,49.000000,53.000000,62.000000,70.000000
1552261790,1069,70,26.079479,1,11.674472,24.000000,33.000000,49.000000,52.000000,59.000000,70.000000
1552261800,1335,74,25.681217,1,12.683436,24.000000,33.000000,50.000000,54.000000,62.000000,74.000000
1552261810,1604,82,24.404391,1,12.689435,23.000000,32.000000,49.000000,54.000000,59.000000,82.000000
1552261820,1749,82,25.029652,1,13.491042,23.000000,33.000000,50.000000,58.000000,63.000000,82.000000
1552261830,2033,87,24.678126,0,13.672495,23.000000,33.000000,50.000000,54.000000,61.000000,87.000000
1552261840,2249,87,24.791265,0,14.149877,23.000000,33.000000,50.000000,54.000000,62.000000,87.000000
1552261850,2269,87,24.963862,0,14.343668,23.000000,34.000000,50.000000,59.000000,66.000000,87.000000
1552261860,2274,87,25.151212,0,14.555261,23.000000,34.000000,50.000000,59.000000,66.000000,87.000000
1552261870,2278,87,25.200223,0,14.555464,23.000000,34.000000,50.000000,59.000000,66.000000,87.000000
1552261880,2280,87,25.218457,0,14.535822,23.000000,34.000000,50.000000,59.000000,66.000000,87.000000
1552261890,2281,195,25.740121,0,17.324838,23.000000,34.000000,50.000000,61.000000,69.000000,195.000000
1552261901,2282,195,25.874843,0,17.406729,23.000000,34.000000,51.000000,61.000000,69.000000,195.000000
1552261911,2284,195,25.971809,0,17.500338,23.000000,34.000000,51.000000,61.000000,69.000000,195.000000
1552261920,2288,195,26.273207,0,17.670415,24.000000,35.000000,53.000000,62.000000,69.000000,195.000000
1552261931,2290,271,27.535466,0,24.658577,24.000000,35.000000,54.000000,65.000000,85.000000,271.000000
