t,count,mean_rate,m1_rate,m5_rate,m15_rate,rate_unit
1554652306,247,29.648990,29.800000,29.800000,29.800000,events/second
1554652316,551,30.038847,29.818548,29.803415,29.801120,events/second
1554652326,867,30.611869,30.029348,29.849146,29.816571,events/second
1554652336,1176,30.680609,30.221220,29.896574,29.832947,events/second
1554652346,1474,30.487059,30.231396,29.909718,29.838099,events/second
1554652356,1781,30.533733,30.247682,29.922759,29.843230,events/second
1554652366,2093,30.633701,30.349742,29.954878,29.854916,events/second
