t,count,max,mean,min,stddev,p50,p75,p95,p98,p99,p999
1552261741,1,1,1.000000,1,0.000000,1.000000,1.000000,1.000000,1.000000,1.000000,1.000000
1552261751,2,779,404.580666,1,388.726645,779.000000,779.000000,779.000000,779.000000,779.000000,779.000000
1552261761,2,779,404.580666,1,388.726645,779.000000,779.000000,779.000000,779.000000,779.000000,779.000000
1552261771,2,779,404.580666,1,388.726645,779.000000,779.000000,779.000000,779.000000,779.000000,779.000000
1552261781,3,798,575.247290,1,351.530263,779.000000,798.000000,798.000000,798.000000,798.000000,798.000000
1552261791,5,798,476.478386,1,383.140048,779.000000,783.000000,798.000000,798.000000,798.000000,798.000000
1552261801,6,798,549.573278,1,359.220883,783.000000,784.000000,798.000000,798.000000,798.000000,798.000000
1552261811,8,798,390.476907,1,366.755190,178.000000,784.000000,798.000000,798.000000,798.000000,798.000000
1552261821,9,798,392.045657,1,335.207353,400.000000,783.000000,798.000000,798.000000,798.000000,798.000000
1552261831,10,798,425.171542,1,312.773432,400.000000,783.000000,798.000000,798.000000,798.000000,798.000000
1552261841,13,798,349.362747,1,313.196559,400.000000,581.000000,784.000000,798.000000,798.000000,798.000000
1552261851,13,798,349.362747,1,313.196559,400.000000,581.000000,784.000000,798.000000,798.000000,798.000000
1552261861,14,798,327.566802,1,294.406705,199.000000,581.000000,784.000000,798.000000,798.000000,798.000000
1552261871,15,798,360.343879,1,285.628295,400.000000,571.000000,784.000000,798.000000,798.000000,798.000000
1552261881,16,798,338.756394,1,269.717768,209.000000,571.000000,784.000000,798.000000,798.000000,798.000000
1552261891,16,798,338.756394,1,269.717768,209.000000,571.000000,784.000000,798.000000,798.000000,798.000000
1552261901,19,972,475.457310,1,322.524216,400.000000,798.000000,972.000000,972.000000,972.000000,972.000000
1552261911,22,972,474.082738,1,313.000714,363.000000,827.000000,972.000000,972.000000,972.000000,972.000000
1552261921,22,972,474.082738,1,313.000714,363.000000,827.000000,972.000000,972.000000,972.000000,972.000000
1552261931,24,972,431.313149,1,317.338191,363.000000,779.000000,972.000000,972.000000,972.000000,972.000000
