t,count,max,mean,min,stddev,p50,p75,p95,p98,p99,p999
1552261741,2,8,5.067489,2,2.999241,8.000000,8.000000,8.000000,8.000000,8.000000,8.000000
1552261751,3,8,3.608377,1,3.094263,2.000000,8.000000,8.000000,8.000000,8.000000,8.000000
1552261761,3,8,3.608377,1,3.094263,2.000000,8.000000,8.000000,8.000000,8.000000,8.000000
1552261771,6,8,2.838622,1,2.063698,2.000000,3.000000,8.000000,8.000000,8.000000,8.000000
1552261781,6,8,2.838622,1,2.063698,2.000000,3.000000,8.000000,8.000000,8.000000,8.000000
1552261791,6,8,2.838622,1,2.063698,2.000000,3.000000,8.000000,8.000000,8.000000,8.000000
1552261801,7,8,2.403102,1,1.964974,2.000000,3.000000,8.000000,8.000000,8.000000,8.000000
1552261811,7,8,2.403102,1,1.964974,2.000000,3.000000,8.000000,8.000000,8.000000,8.000000
1552261821,8,8,2.302070,1,1.709944,2.000000,2.000000,8.000000,8.000000,8.000000,8.000000
1552261831,10,8,2.197132,1,1.388826,2.000000,2.000000,3.000000,8.000000,8.000000,8.000000
1552261841,12,8,2.303215,1,1.431650,2.000000,2.000000,4.000000,8.000000,8.000000,8.000000
1552261851,14,9,3.082033,1,2.533323,2.000000,4.000000,9.000000,9.000000,9.000000,9.000000
1552261861,15,9,3.071012,1,2.357187,2.000000,3.000000,9.000000,9.000000,9.000000,9.000000
1552261871,16,9,2.805597,1,2.307266,2.000000,3.000000,9.000000,9.000000,9.000000,9.000000
1552261881,16,9,2.805597,1,2.307266,2.000000,3.000000,9.000000,9.000000,9.000000,9.000000
1552261891,17,9,2.528928,1,2.220535,2.000000,3.000000,9.000000,9.000000,9.000000,9.000000
1552261901,18,129,20.922864,1,44.633816,2.000000,4.000000,129.000000,129.000000,129.000000,129.000000
1552261911,20,129,21.657264,1,38.649828,3.000000,19.000000,129.000000,129.000000,129.000000,129.000000
1552261921,23,129,15.556651,1,33.506222,2.000000,19.000000,129.000000,129.000000,129.000000,129.000000
1552261931,24,129,14.891063,1,31.821724,3.000000,9.000000,129.000000,129.000000,129.000000,129.000000
