t,count,max,mean,min,stddev,p50,p75,p95,p98,p99,p999
1552261077,0,0,0.000000,0,0.000000,0.000000,0.000000,0.000000,0.000000,0.000000,0.000000
1552261087,3,4,1.955499,1,1.397683,1.000000,4.000000,4.000000,4.000000,4.000000,4.000000
1552261097,3,4,1.955499,1,1.397683,1.000000,4.000000,4.000000,4.000000,4.000000,4.000000
1552261107,5,15,4.908113,1,5.544287,2.000000,4.000000,15.000000,15.000000,15.000000,15.000000
1552261117,7,21,7.008050,1,7.945757,2.000000,15.000000,21.000000,21.000000,21.000000,21.000000
