t,count,max,mean,min,stddev,p50,p75,p95,p98,p99,p999
1552261077,133,3,1.179168,0,0.471799,1.000000,1.000000,2.000000,2.000000,2.000000,3.000000
1552261087,342,37,1.552268,0,2.669788,1.000000,1.000000,2.000000,7.000000,9.000000,37.000000
1552261097,449,37,1.560254,0,2.477262,1.000000,2.000000,2.000000,7.000000,9.000000,37.000000
1552261107,595,37,1.521903,0,2.086279,1.000000,2.000000,2.000000,4.000000,8.000000,37.000000
1552261117,687,37,1.515345,0,1.923453,1.000000,2.000000,2.000000,3.000000,7.000000,37.000000
