t,count,max,mean,min,stddev,p50,p75,p95,p98,p99,p999
1552261077,194,47,7.537819,1,11.586019,2.000000,4.000000,41.000000,44.000000,47.000000,47.000000
1552261087,343,52,7.068192,1,12.192581,2.000000,3.000000,42.000000,47.000000,48.000000,52.000000
1552261097,653,52,4.761176,1,9.065337,2.000000,2.000000,26.000000,43.000000,47.000000,52.000000
1552261107,770,52,4.253543,1,8.265824,2.000000,2.000000,24.000000,42.000000,46.000000,52.000000
1552261117,974,52,3.768357,1,7.394310,2.000000,2.000000,18.000000,40.000000,45.000000,51.000000
