t,count,max,mean,min,stddev,p50,p75,p95,p98,p99,p999
1554847736,0,0,0.000000,0,0.000000,0.000000,0.000000,0.000000,0.000000,0.000000,0.000000
1554847746,0,0,0.000000,0,0.000000,0.000000,0.000000,0.000000,0.000000,0.000000,0.000000
1554847756,1,518,518.000000,518,0.000000,518.000000,518.000000,518.000000,518.000000,518.000000,518.000000
1554847766,1,518,518.000000,518,0.000000,518.000000,518.000000,518.000000,518.000000,518.000000,518.000000
1554847776,4,988,514.722991,237,301.643354,321.000000,988.000000,988.000000,988.000000,988.000000,988.000000
1554847786,4,988,514.722991,237,301.643354,321.000000,988.000000,988.000000,988.000000,988.000000,988.000000
1554847796,4,988,514.722991,237,301.643354,321.000000,988.000000,988.000000,988.000000,988.000000,988.000000
1554847806,5,988,480.320869,237,256.185796,403.000000,518.000000,988.000000,988.000000,988.000000,988.000000
1554847816,6,988,448.948977,237,229.062719,353.000000,403.000000,988.000000,988.000000,988.000000,988.000000
1554847826,6,988,448.948977,237,229.062719,353.000000,403.000000,988.000000,988.000000,988.000000,988.000000
1554847836,6,988,448.948977,237,229.062719,353.000000,403.000000,988.000000,988.000000,988.000000,988.000000
1554847846,6,988,448.948977,237,229.062719,353.000000,403.000000,988.000000,988.000000,988.000000,988.000000
1554847856,6,988,448.948977,237,229.062719,353.000000,403.000000,988.000000,988.000000,988.000000,988.000000
1554847866,6,988,448.948977,237,229.062719,353.000000,403.000000,988.000000,988.000000,988.000000,988.000000
1554847876,6,988,448.948977,237,229.062719,353.000000,403.000000,988.000000,988.000000,988.000000,988.000000
1554847886,6,988,448.948977,237,229.062719,353.000000,403.000000,988.000000,988.000000,988.000000,988.000000
1554847896,7,988,626.816110,237,258.382171,841.000000,841.000000,988.000000,988.000000,988.000000,988.000000
1554847906,7,988,626.816110,237,258.382171,841.000000,841.000000,988.000000,988.000000,988.000000,988.000000
1554847916,7,988,626.816110,237,258.382171,841.000000,841.000000,988.000000,988.000000,988.000000,988.000000
1554847926,7,988,626.816110,237,258.382171,841.000000,841.000000,988.000000,988.000000,988.000000,988.000000
1554847936,7,988,626.816110,237,258.382171,841.000000,841.000000,988.000000,988.000000,988.000000,988.000000
