t,count,max,mean,min,stddev,p50,p75,p95,p98,p99,p999
1552572412,9,7,1.887873,1,1.930942,1.000000,1.000000,7.000000,7.000000,7.000000,7.000000
1552572422,14,27,3.594334,1,7.024977,1.000000,1.000000,27.000000,27.000000,27.000000,27.000000
1552572432,22,27,3.538775,1,6.759776,1.000000,1.000000,20.000000,27.000000,27.000000,27.000000
1552572442,25,27,3.161047,1,6.301766,1.000000,1.000000,20.000000,27.000000,27.000000,27.000000
1552572452,31,27,3.047413,1,5.793610,1.000000,1.000000,20.000000,27.000000,27.000000,27.000000
1552572462,36,27,2.631514,1,5.236991,1.000000,1.000000,20.000000,27.000000,27.000000,27.000000
1552572472,39,27,2.415533,1,4.909290,1.000000,1.000000,12.000000,20.000000,27.000000,27.000000
