t,count,max,mean,min,stddev,p50,p75,p95,p98,p99,p999
1552572412,6,949,588.034205,56,280.434842,602.000000,842.000000,949.000000,949.000000,949.000000,949.000000
1552572422,14,949,589.768598,14,258.992754,602.000000,800.000000,949.000000,949.000000,949.000000,949.000000
1552572432,18,983,591.689846,14,267.562478,602.000000,800.000000,983.000000,983.000000,983.000000,983.000000
1552572442,25,983,599.419692,14,231.127426,585.000000,783.000000,949.000000,983.000000,983.000000,983.000000
1552572452,31,983,587.438520,14,234.794178,585.000000,700.000000,983.000000,983.000000,983.000000,983.000000
1552572462,35,983,567.067121,14,231.553469,533.000000,697.000000,983.000000,983.000000,983.000000,983.000000
1552572472,36,983,577.942355,14,232.085228,555.000000,700.000000,983.000000,983.000000,983.000000,983.000000
