t,count,max,mean,min,stddev,p50,p75,p95,p98,p99,p999
1552572412,93,84,25.812799,16,15.218551,17.000000,33.000000,66.000000,83.000000,84.000000,84.000000
1552572422,158,84,27.546522,16,14.781806,17.000000,33.000000,51.000000,66.000000,83.000000,84.000000
1552572432,340,84,30.569746,16,14.927081,33.000000,34.000000,60.000000,67.000000,67.000000,84.000000
1552572442,520,84,27.806260,16,14.217461,17.000000,33.000000,50.000000,66.000000,67.000000,84.000000
1552572452,624,84,27.196310,16,13.733456,17.000000,33.000000,50.000000,66.000000,67.000000,84.000000
1552572462,700,84,27.335757,16,13.634399,17.000000,33.000000,50.000000,66.000000,67.000000,84.000000
1552572472,867,84,27.289798,16,13.469137,17.000000,33.000000,50.000000,66.000000,67.000000,83.000000
