t,count,max,mean,min,stddev,p50,p75,p95,p98,p99,p999
1554652306,198,171,9.498795,0,26.224483,0.000000,9.000000,63.000000,122.000000,123.000000,171.000000
1554652316,434,171,7.611513,0,22.065187,0.000000,9.000000,44.000000,111.000000,123.000000,171.000000
1554652326,660,171,6.331986,0,18.966866,0.000000,0.000000,33.000000,77.000000,122.000000,171.000000
1554652336,879,171,5.776284,0,17.341904,0.000000,0.000000,31.000000,63.000000,122.000000,145.000000
1554652346,1112,145,5.376702,0,15.992077,0.000000,0.000000,31.000000,56.000000,89.000000,133.000000
1554652356,1335,145,5.149601,0,13.888962,0.000000,0.000000,31.000000,47.000000,63.000000,133.000000
1554652366,1548,145,5.133798,0,12.965950,0.000000,6.000000,25.000000,47.000000,63.000000,126.000000
