t,count,max,mean,min,stddev,p50,p75,p95,p98,p99,p999
1554652306,200,75,3.913686,0,11.893859,0.000000,0.000000,22.000000,60.000000,67.000000,75.000000
1554652316,438,146,4.900852,0,14.517545,0.000000,0.000000,31.000000,55.000000,71.000000,146.000000
1554652326,651,208,5.410132,0,16.893884,0.000000,0.000000,31.000000,56.000000,79.000000,208.000000
1554652336,858,208,6.665676,0,17.734538,0.000000,0.000000,44.000000,62.000000,79.000000,208.000000
1554652346,1079,208,6.601288,0,16.936918,0.000000,0.000000,44.000000,58.000000,75.000000,146.000000
1554652356,1295,146,6.346569,0,15.071931,0.000000,0.000000,40.000000,56.000000,67.000000,133.000000
1554652366,1489,146,6.703635,0,14.726826,0.000000,11.000000,40.000000,56.000000,63.000000,133.000000
