t,count,max,mean,min,stddev,p50,p75,p95,p98,p99,p999
1554652306,1,111,111.000000,111,0.000000,111.000000,111.000000,111.000000,111.000000,111.000000,111.000000
1554652316,2,373,256.675639,111,130.175365,373.000000,373.000000,373.000000,373.000000,373.000000,373.000000
1554652326,4,373,205.676952,42,134.410422,288.000000,288.000000,373.000000,373.000000,373.000000,373.000000
1554652336,5,700,327.548036,42,242.905804,288.000000,373.000000,700.000000,700.000000,700.000000,700.000000
1554652346,6,700,350.737451,42,220.542639,373.000000,438.000000,700.000000,700.000000,700.000000,700.000000
1554652356,7,930,464.327674,42,303.310115,438.000000,700.000000,930.000000,930.000000,930.000000,930.000000
1554652366,7,930,464.327674,42,303.310115,438.000000,700.000000,930.000000,930.000000,930.000000,930.000000
