t,count,max,mean,min,stddev,p50,p75,p95,p98,p99,p999
1554847751,2,78,49.580031,22,27.996850,22.000000,78.000000,78.000000,78.000000,78.000000,78.000000
1554847761,7,95,42.834574,19,27.755901,36.000000,78.000000,95.000000,95.000000,95.000000,95.000000
1554847771,12,95,36.175754,18,22.307125,35.000000,36.000000,95.000000,95.000000,95.000000,95.000000
1554847781,17,95,30.748259,17,19.869775,21.000000,35.000000,78.000000,95.000000,95.000000,95.000000
1554847791,22,134,34.884475,16,29.422423,22.000000,35.000000,134.000000,134.000000,134.000000,134.000000
1554847801,27,134,33.077302,14,26.271418,31.000000,35.000000,95.000000,134.000000,134.000000,134.000000
1554847811,32,134,30.904013,12,23.831698,29.000000,35.000000,95.000000,134.000000,134.000000,134.000000
1554847821,37,134,32.740133,4,27.629768,29.000000,35.000000,93.000000,134.000000,134.000000,134.000000
1554847831,42,134,34.440277,4,26.099861,29.000000,43.000000,93.000000,134.000000,134.000000,134.000000
1554847841,47,134,33.158689,4,24.363256,23.000000,36.000000,93.000000,95.000000,134.000000,134.000000
1554847851,52,134,37.787252,4,29.126744,30.000000,51.000000,95.000000,134.000000,134.000000,134.000000
1554847861,57,134,36.628285,4,27.460722,29.000000,51.000000,93.000000,134.000000,134.000000,134.000000
1554847871,62,166,39.495379,4,34.306934,30.000000,51.000000,134.000000,166.000000,166.000000,166.000000
1554847881,67,166,37.196215,4,32.317373,27.000000,50.000000,134.000000,166.000000,166.000000,166.000000
1554847891,72,166,36.196547,4,30.392960,30.000000,49.000000,93.000000,166.000000,166.000000,166.000000
1554847901,77,166,35.655834,4,32.688438,22.000000,49.000000,122.000000,134.000000,166.000000,166.000000
1554847911,82,166,32.994979,4,31.165062,19.000000,46.000000,122.000000,134.000000,166.000000,166.000000
1554847921,87,166,31.250038,4,29.697107,18.000000,43.000000,95.000000,134.000000,166.000000,166.000000
1554847931,92,166,31.418503,4,32.550583,17.000000,41.000000,126.000000,134.000000,166.000000,166.000000
