t,count,max,mean,min,stddev,p50,p75,p95,p98,p99,p999
1552261742,0,0,0.000000,0,0.000000,0.000000,0.000000,0.000000,0.000000,0.000000,0.000000
1552261752,1,16,16.000000,16,0.000000,16.000000,16.000000,16.000000,16.000000,16.000000,16.000000
1552261762,1,16,16.000000,16,0.000000,16.000000,16.000000,16.000000,16.000000,16.000000,16.000000
1552261772,3,18,11.779333,2,7.304166,16.000000,18.000000,18.000000,18.000000,18.000000,18.000000
1552261782,3,18,11.779333,2,7.304166,16.000000,18.000000,18.000000,18.000000,18.000000,18.000000
1552261792,3,18,11.779333,2,7.304166,16.000000,18.000000,18.000000,18.000000,18.000000,18.000000
1552261802,3,18,11.779333,2,7.304166,16.000000,18.000000,18.000000,18.000000,18.000000,18.000000
1552261812,7,46,12.548202,1,17.130964,2.000000,18.000000,46.000000,46.000000,46.000000,46.000000
1552261822,11,46,7.425327,1,13.870319,1.000000,2.000000,46.000000,46.000000,46.000000,46.000000
1552261832,13,46,6.044167,1,12.569732,1.000000,2.000000,46.000000,46.000000,46.000000,46.000000
1552261842,13,46,6.044167,1,12.569732,1.000000,2.000000,46.000000,46.000000,46.000000,46.000000
1552261852,15,46,5.025477,1,11.239441,1.000000,2.000000,46.000000,46.000000,46.000000,46.000000
1552261862,17,46,4.243636,1,10.214000,1.000000,2.000000,46.000000,46.000000,46.000000,46.000000
1552261872,19,46,6.175997,1,11.525030,1.000000,2.000000,28.000000,46.000000,46.000000,46.000000
1552261882,19,46,6.175997,1,11.525030,1.000000,2.000000,28.000000,46.000000,46.000000,46.000000
1552261892,19,46,6.175997,1,11.525030,1.000000,2.000000,28.000000,46.000000,46.000000,46.000000
1552261902,19,46,6.175997,1,11.525030,1.000000,2.000000,28.000000,46.000000,46.000000,46.000000
1552261912,19,46,6.175997,1,11.525030,1.000000,2.000000,28.000000,46.000000,46.000000,46.000000
1552261922,19,46,6.175997,1,11.525030,1.000000,2.000000,28.000000,46.000000,46.000000,46.000000
