t,count,max,mean,min,stddev,p50,p75,p95,p98,p99,p999
1552261742,69,5,1.523464,1,0.674824,1.000000,2.000000,2.000000,3.000000,5.000000,5.000000
1552261752,344,5,1.415919,0,0.583779,1.000000,2.000000,2.000000,2.000000,2.000000,5.000000
1552261762,382,22,1.510881,0,1.321926,1.000000,2.000000,2.000000,2.000000,3.000000,22.000000
1552261772,568,49,3.319101,0,7.137140,2.000000,2.000000,22.000000,33.000000,44.000000,49.000000
1552261782,820,51,3.038125,0,6.307787,2.000000,2.000000,14.000000,29.000000,35.000000,51.000000
1552261792,988,51,3.076137,0,6.433768,2.000000,2.000000,13.000000,29.000000,39.000000,51.000000
1552261802,1149,51,2.798712,0,5.876542,2.000000,2.000000,10.000000,27.000000,36.000000,49.000000
1552261812,1314,48,2.408666,0,4.825079,2.000000,2.000000,5.000000,18.000000,31.000000,48.000000
1552261822,1322,48,2.383305,0,4.781353,2.000000,2.000000,5.000000,17.000000,31.000000,48.000000
1552261832,1529,47,2.300241,0,4.329457,2.000000,2.000000,5.000000,16.000000,28.000000,47.000000
1552261842,1705,47,2.432415,0,4.674943,2.000000,2.000000,6.000000,20.000000,31.000000,47.000000
1552261852,1745,47,2.397835,0,4.595062,2.000000,2.000000,5.000000,20.000000,31.000000,44.000000
1552261862,1853,50,2.389049,0,4.673599,2.000000,2.000000,5.000000,17.000000,31.000000,50.000000
1552261872,1946,52,2.508361,0,5.317648,2.000000,2.000000,5.000000,20.000000,35.000000,52.000000
1552261882,2158,52,2.239789,0,4.552812,2.000000,2.000000,4.000000,12.000000,33.000000,52.000000
1552261892,2158,52,2.239789,0,4.552812,2.000000,2.000000,4.000000,12.000000,33.000000,52.000000
1552261902,2160,64,2.400308,0,5.423317,2.000000,2.000000,5.000000,16.000000,35.000000,64.000000
1552261912,2167,64,2.476128,0,5.519989,2.000000,2.000000,5.000000,17.000000,35.000000,64.000000
1552261922,2169,64,2.490234,0,5.516270,2.000000,2.000000,6.000000,17.000000,35.000000,64.000000
