t,count,max,mean,min,stddev,p50,p75,p95,p98,p99,p999
1552261732,0,0,0.000000,0,0.000000,0.000000,0.000000,0.000000,0.000000,0.000000,0.000000
1552261742,1,2,2.000000,2,0.000000,2.000000,2.000000,2.000000,2.000000,2.000000,2.000000
1552261752,1,2,2.000000,2,0.000000,2.000000,2.000000,2.000000,2.000000,2.000000,2.000000
1552261762,2,3,2.574443,2,0.494427,3.000000,3.000000,3.000000,3.000000,3.000000,3.000000
1552261772,2,3,2.574443,2,0.494427,3.000000,3.000000,3.000000,3.000000,3.000000,3.000000
1552261782,4,3,1.920498,1,0.726402,2.000000,2.000000,3.000000,3.000000,3.000000,3.000000
1552261792,7,5,2.145016,1,1.456859,2.000000,3.000000,5.000000,5.000000,5.000000,5.000000
1552261802,8,5,2.120877,1,1.331186,2.000000,2.000000,5.000000,5.000000,5.000000,5.000000
1552261812,10,5,2.087863,1,1.136209,2.000000,2.000000,5.000000,5.000000,5.000000,5.000000
1552261822,11,5,1.935131,1,1.119173,2.000000,2.000000,5.000000,5.000000,5.000000,5.000000
1552261832,12,5,2.073284,1,1.103664,2.000000,3.000000,5.000000,5.000000,5.000000,5.000000
1552261842,13,7,2.735639,1,1.969477,2.000000,3.000000,7.000000,7.000000,7.000000,7.000000
1552261852,14,7,2.495009,1,1.923751,2.000000,3.000000,7.000000,7.000000,7.000000,7.000000
1552261862,14,7,2.495009,1,1.923751,2.000000,3.000000,7.000000,7.000000,7.000000,7.000000
1552261872,15,7,2.577682,1,1.769143,2.000000,3.000000,7.000000,7.000000,7.000000,7.000000
1552261882,16,7,2.328715,1,1.722429,2.000000,3.000000,7.000000,7.000000,7.000000,7.000000
1552261892,16,7,2.328715,1,1.722429,2.000000,3.000000,7.000000,7.000000,7.000000,7.000000
1552261902,16,7,2.328715,1,1.722429,2.000000,3.000000,7.000000,7.000000,7.000000,7.000000
1552261912,16,7,2.328715,1,1.722429,2.000000,3.000000,7.000000,7.000000,7.000000,7.000000
1552261922,16,7,2.328715,1,1.722429,2.000000,3.000000,7.000000,7.000000,7.000000,7.000000
