t,count,max,mean,min,stddev,p50,p75,p95,p98,p99,p999
1554847754,3,72,53.147128,36,14.666538,51.000000,72.000000,72.000000,72.000000,72.000000,72.000000
1554847764,8,570,101.196118,3,189.368911,17.000000,72.000000,570.000000,570.000000,570.000000,570.000000
1554847774,12,570,65.447417,2,156.833072,6.000000,36.000000,570.000000,570.000000,570.000000,570.000000
1554847784,18,960,144.066542,2,269.749660,9.000000,72.000000,960.000000,960.000000,960.000000,960.000000
1554847794,23,960,134.917423,2,256.080313,9.000000,72.000000,570.000000,960.000000,960.000000,960.000000
1554847804,27,960,115.782780,2,232.934110,7.000000,72.000000,570.000000,960.000000,960.000000,960.000000
1554847814,32,960,118.379757,2,230.149727,7.000000,51.000000,570.000000,960.000000,960.000000,960.000000
1554847824,36,960,126.919231,2,230.345547,7.000000,117.000000,558.000000,960.000000,960.000000,960.000000
1554847834,40,960,131.049368,2,232.000186,7.000000,117.000000,558.000000,570.000000,960.000000,960.000000
1554847844,44,960,172.527561,2,279.193217,12.000000,162.000000,946.000000,946.000000,960.000000,960.000000
1554847854,48,960,159.891291,2,264.708973,12.000000,162.000000,570.000000,946.000000,960.000000,960.000000
1554847864,50,960,199.185555,2,287.199415,12.000000,541.000000,742.000000,946.000000,960.000000,960.000000
1554847874,54,960,197.013426,2,291.427913,12.000000,541.000000,742.000000,946.000000,946.000000,960.000000
1554847884,58,960,184.456848,2,274.256083,12.000000,338.000000,742.000000,946.000000,946.000000,960.000000
1554847894,63,960,181.250136,2,275.115979,12.000000,338.000000,738.000000,946.000000,946.000000,960.000000
1554847904,68,960,153.582602,2,256.630052,8.000000,135.000000,738.000000,946.000000,946.000000,960.000000
1554847914,72,960,132.166370,2,243.386023,7.000000,131.000000,738.000000,742.000000,946.000000,960.000000
1554847924,78,960,140.615783,2,262.892141,7.000000,131.000000,742.000000,928.000000,946.000000,960.000000
1554847934,80,960,135.355626,2,254.831245,7.000000,129.000000,742.000000,928.000000,946.000000,960.000000
