t,count,max,mean,min,stddev,p50,p75,p95,p98,p99,p999
1554847754,3,72,63.628572,51,9.075749,68.000000,72.000000,72.000000,72.000000,72.000000,72.000000
1554847764,8,72,47.553953,15,18.923427,49.000000,65.000000,72.000000,72.000000,72.000000,72.000000
1554847774,13,72,47.297229,14,19.839000,51.000000,64.000000,72.000000,72.000000,72.000000,72.000000
1554847784,18,72,46.655944,14,18.307179,49.000000,64.000000,68.000000,72.000000,72.000000,72.000000
1554847794,23,72,38.387374,6,20.981536,32.000000,63.000000,68.000000,72.000000,72.000000,72.000000
1554847804,28,72,37.773997,6,19.410081,32.000000,58.000000,65.000000,72.000000,72.000000,72.000000
1554847814,33,72,38.198980,6,19.433615,35.000000,58.000000,69.000000,69.000000,72.000000,72.000000
1554847824,38,72,34.584459,6,19.276848,30.000000,51.000000,68.000000,69.000000,72.000000,72.000000
1554847834,43,75,38.178248,6,19.606435,36.000000,53.000000,69.000000,75.000000,75.000000,75.000000
1554847844,48,111,39.157732,6,23.452304,36.000000,53.000000,75.000000,111.000000,111.000000,111.000000
1554847854,53,111,37.602528,6,21.880557,36.000000,51.000000,75.000000,111.000000,111.000000,111.000000
1554847864,58,111,38.825907,6,23.183145,36.000000,53.000000,94.000000,111.000000,111.000000,111.000000
1554847874,63,111,39.119410,6,21.448117,36.000000,51.000000,94.000000,111.000000,111.000000,111.000000
1554847884,68,111,38.325822,6,20.289142,36.000000,50.000000,75.000000,94.000000,111.000000,111.000000
1554847894,73,111,37.894018,6,18.959575,36.000000,47.000000,72.000000,94.000000,111.000000,111.000000
1554847904,78,111,35.227360,6,18.711755,31.000000,46.000000,69.000000,94.000000,111.000000,111.000000
1554847914,83,111,34.020666,6,18.139690,30.000000,45.000000,65.000000,94.000000,111.000000,111.000000
1554847924,88,111,33.967483,6,18.332930,30.000000,42.000000,70.000000,94.000000,94.000000,111.000000
1554847934,93,111,33.139691,6,17.626745,31.000000,42.000000,70.000000,75.000000,94.000000,111.000000
