t,count,max,mean,min,stddev,p50,p75,p95,p98,p99,p999
1554846914,89,61,13.660543,0,15.834210,11.000000,22.000000,45.000000,58.000000,61.000000,61.000000
1554846924,350,112,6.974876,0,12.853731,0.000000,11.000000,31.000000,45.000000,58.000000,112.000000
1554846934,611,126,5.995004,0,13.759249,0.000000,11.000000,27.000000,47.000000,75.000000,126.000000
1554846944,872,126,5.956330,0,13.687399,0.000000,11.000000,26.000000,47.000000,61.000000,126.000000
1554846954,1129,126,6.229329,0,13.651874,0.000000,11.000000,26.000000,47.000000,67.000000,112.000000
1554846964,1384,112,6.293891,0,13.678077,0.000000,11.000000,31.000000,47.000000,75.000000,104.000000
