t,count,max,mean,min,stddev,p50,p75,p95,p98,p99,p999
1554846914,115,44,4.824301,0,10.043877,0.000000,11.000000,33.000000,40.000000,44.000000,44.000000
1554846924,363,98,4.764096,0,9.500284,0.000000,11.000000,22.000000,33.000000,44.000000,98.000000
1554846934,640,104,4.146212,0,9.616142,0.000000,11.000000,22.000000,25.000000,44.000000,104.000000
1554846944,877,269,4.812985,0,14.528763,0.000000,11.000000,22.000000,33.000000,47.000000,269.000000
1554846954,1130,269,5.825010,0,16.837300,0.000000,11.000000,22.000000,40.000000,104.000000,269.000000
1554846964,1362,269,5.986247,0,15.009642,0.000000,11.000000,22.000000,40.000000,56.000000,122.000000
