t,count,max,mean,min,stddev,p50,p75,p95,p98,p99,p999
1554846904,132,47,2.942807,0,8.032985,0.000000,0.000000,22.000000,33.000000,40.000000,47.000000
1554846914,353,73,6.762983,0,11.963181,0.000000,11.000000,33.000000,44.000000,56.000000,73.000000
1554846924,623,126,5.465369,0,12.198098,0.000000,11.000000,31.000000,40.000000,56.000000,126.000000
1554846934,900,126,5.468627,0,12.653084,0.000000,11.000000,30.000000,44.000000,63.000000,126.000000
1554846944,1170,128,5.571121,0,14.131717,0.000000,11.000000,26.000000,46.000000,73.000000,128.000000
1554846954,1415,128,5.639333,0,12.865360,0.000000,11.000000,25.000000,44.000000,56.000000,128.000000
1554846964,1671,133,5.965806,0,13.973864,0.000000,11.000000,31.000000,47.000000,64.000000,133.000000
