t,count,max,mean,min,stddev,p50,p75,p95,p98,p99,p999
1554846894,1,1320,1320.000000,1320,0.000000,1320.000000,1320.000000,1320.000000,1320.000000,1320.000000,1320.000000
1554846904,32,1765,735.165063,89,731.888663,267.000000,1671.000000,1765.000000,1765.000000,1765.000000,1765.000000
1554846914,63,1770,549.443802,89,629.682224,267.000000,440.000000,1765.000000,1765.000000,1770.000000,1770.000000
1554846924,107,1770,475.389710,89,475.608292,351.000000,440.000000,1765.000000,1765.000000,1765.000000,1770.000000
1554846934,140,1770,421.637174,89,440.683329,351.000000,440.000000,1671.000000,1765.000000,1765.000000,1770.000000
1554846944,177,1770,383.829878,89,397.497560,351.000000,440.000000,1671.000000,1765.000000,1765.000000,1770.000000
1554846954,235,1770,399.124427,89,350.021739,351.000000,440.000000,791.000000,1765.000000,1765.000000,1770.000000
1554846964,278,1770,436.527230,89,343.977035,440.000000,702.000000,1053.000000,1671.000000,1765.000000,1770.000000
