t,count,max,mean,min,stddev,p50,p75,p95,p98,p99,p999
1554846914,2,986,512.214459,24,480.945893,986.000000,986.000000,986.000000,986.000000,986.000000,986.000000
1554846924,5,986,338.144227,18,395.402396,24.000000,610.000000,986.000000,986.000000,986.000000,986.000000
1554846934,10,986,240.408569,15,323.373796,19.000000,586.000000,986.000000,986.000000,986.000000,986.000000
1554846944,15,986,168.229726,14,271.682288,18.000000,194.000000,986.000000,986.000000,986.000000,986.000000
1554846954,18,986,176.212969,11,272.065972,19.000000,199.000000,610.000000,986.000000,986.000000,986.000000
1554846964,22,986,202.410646,5,309.950101,19.000000,199.000000,975.000000,986.000000,986.000000,986.000000
