t,count,max,mean,min,stddev,p50,p75,p95,p98,p99,p999
1554846904,0,0,0.000000,0,0.000000,0.000000,0.000000,0.000000,0.000000,0.000000,0.000000
1554846914,0,0,0.000000,0,0.000000,0.000000,0.000000,0.000000,0.000000,0.000000,0.000000
1554846924,0,0,0.000000,0,0.000000,0.000000,0.000000,0.000000,0.000000,0.000000,0.000000
1554846934,1,685,685.000000,685,0.000000,685.000000,685.000000,685.000000,685.000000,685.000000,685.000000
1554846944,2,685,677.267689,671,6.961589,671.000000,685.000000,685.000000,685.000000,685.000000,685.000000
1554846954,2,685,677.267689,671,6.961589,671.000000,685.000000,685.000000,685.000000,685.000000,685.000000
1554846964,2,685,677.267689,671,6.961589,671.000000,685.000000,685.000000,685.000000,685.000000,685.000000
