t,count,max,mean,min,stddev,p50,p75,p95,p98,p99,p999
1554846914,189,110,41.575705,1,19.307735,40.000000,51.000000,73.000000,85.000000,93.000000,110.000000
1554846924,465,110,38.166123,1,16.131432,35.000000,44.000000,68.000000,82.000000,85.000000,110.000000
1554846934,736,110,37.638998,1,15.514629,34.000000,44.000000,67.000000,82.000000,85.000000,110.000000
1554846944,1026,123,36.590999,1,15.106148,34.000000,43.000000,66.000000,80.000000,85.000000,123.000000
1554846954,1300,123,36.163945,1,15.283619,34.000000,43.000000,66.000000,77.000000,84.000000,123.000000
1554846964,1565,123,36.520574,1,15.876884,35.000000,44.000000,67.000000,82.000000,86.000000,123.000000
