t,count,max,mean,min,stddev,p50,p75,p95,p98,p99,p999
1554846904,0,0,0.000000,0,0.000000,0.000000,0.000000,0.000000,0.000000,0.000000,0.000000
1554846914,1,562,562.000000,562,0.000000,562.000000,562.000000,562.000000,562.000000,562.000000,562.000000
1554846924,1,562,562.000000,562,0.000000,562.000000,562.000000,562.000000,562.000000,562.000000,562.000000
1554846934,2,562,446.501609,357,101.672473,357.000000,562.000000,562.000000,562.000000,562.000000,562.000000
1554846944,2,562,446.501609,357,101.672473,357.000000,562.000000,562.000000,562.000000,562.000000,562.000000
1554846954,2,562,446.501609,357,101.672473,357.000000,562.000000,562.000000,562.000000,562.000000,562.000000
1554846964,2,562,446.501609,357,101.672473,357.000000,562.000000,562.000000,562.000000,562.000000,562.000000
