t,count,max,mean,min,stddev,p50,p75,p95,p98,p99,p999
1554846904,3,705,263.752585,33,319.090867,33.000000,705.000000,705.000000,705.000000,705.000000,705.000000
1554846914,6,705,190.579435,14,247.851118,47.000000,295.000000,705.000000,705.000000,705.000000,705.000000
1554846924,11,705,133.976855,9,197.259641,33.000000,294.000000,705.000000,705.000000,705.000000,705.000000
1554846934,16,705,98.814283,7,163.557551,41.000000,58.000000,705.000000,705.000000,705.000000,705.000000
1554846944,20,705,97.417100,7,153.904021,37.000000,58.000000,311.000000,705.000000,705.000000,705.000000
1554846954,24,705,118.685269,7,192.324142,41.000000,58.000000,685.000000,705.000000,705.000000,705.000000
1554846964,28,705,99.627712,7,175.351709,33.000000,58.000000,685.000000,705.000000,705.000000,705.000000
