t,count,max,mean,min,stddev,p50,p75,p95,p98,p99,p999
1554846904,3,564,213.860748,16,262.881210,17.000000,564.000000,564.000000,564.000000,564.000000,564.000000
1554846914,8,564,175.943878,11,222.649904,67.000000,162.000000,564.000000,564.000000,564.000000,564.000000
1554846924,13,564,119.255312,9,182.157778,28.000000,142.000000,564.000000,564.000000,564.000000,564.000000
1554846934,17,583,139.453881,8,198.383377,39.000000,142.000000,583.000000,583.000000,583.000000,583.000000
1554846944,21,940,175.652868,8,258.105594,54.000000,142.000000,940.000000,940.000000,940.000000,940.000000
1554846954,26,940,136.754865,8,230.446945,54.000000,130.000000,583.000000,940.000000,940.000000,940.000000
1554846964,30,940,113.043640,8,211.420729,32.000000,68.000000,583.000000,940.000000,940.000000,940.000000
