t,count,max,mean,min,stddev,p50,p75,p95,p98,p99,p999
1554846904,0,0,0.000000,0,0.000000,0.000000,0.000000,0.000000,0.000000,0.000000,0.000000
1554846914,0,0,0.000000,0,0.000000,0.000000,0.000000,0.000000,0.000000,0.000000,0.000000
1554846924,1,598,598.000000,598,0.000000,598.000000,598.000000,598.000000,598.000000,598.000000,598.000000
1554846934,1,598,598.000000,598,0.000000,598.000000,598.000000,598.000000,598.000000,598.000000,598.000000
1554846944,2,598,333.167613,131,231.388270,131.000000,598.000000,598.000000,598.000000,598.000000,598.000000
1554846954,2,598,333.167613,131,231.388270,131.000000,598.000000,598.000000,598.000000,598.000000,598.000000
1554846964,2,598,333.167613,131,231.388270,131.000000,598.000000,598.000000,598.000000,598.000000,598.000000
