t,count,max,mean,min,stddev,p50,p75,p95,p98,p99,p999
1554846904,5,79,32.892806,9,25.784304,18.000000,41.000000,79.000000,79.000000,79.000000,79.000000
1554846914,8,83,39.985772,9,26.791917,41.000000,79.000000,83.000000,83.000000,83.000000,83.000000
1554846924,12,83,34.581334,9,22.386761,23.000000,41.000000,83.000000,83.000000,83.000000,83.000000
1554846934,16,612,78.090699,9,160.395863,22.000000,41.000000,612.000000,612.000000,612.000000,612.000000
1554846944,20,612,70.130090,9,141.390375,22.000000,41.000000,612.000000,612.000000,612.000000,612.000000
1554846954,25,612,70.481767,9,124.968389,24.000000,62.000000,203.000000,612.000000,612.000000,612.000000
1554846964,29,612,64.572358,9,112.355660,35.000000,55.000000,203.000000,612.000000,612.000000,612.000000
