t,count,max,mean,min,stddev,p50,p75,p95,p98,p99,p999
1554846904,4,30,22.051776,9,7.894320,25.000000,30.000000,30.000000,30.000000,30.000000,30.000000
1554846914,8,371,122.648192,9,145.463852,43.000000,346.000000,371.000000,371.000000,371.000000,371.000000
1554846924,13,371,82.140877,9,118.372520,32.000000,43.000000,371.000000,371.000000,371.000000,371.000000
1554846934,17,371,88.031336,9,120.154650,33.000000,43.000000,371.000000,371.000000,371.000000,371.000000
1554846944,21,719,118.878964,9,190.791606,37.000000,43.000000,719.000000,719.000000,719.000000,719.000000
1554846954,26,719,93.376103,9,168.558588,33.000000,40.000000,371.000000,719.000000,719.000000,719.000000
1554846964,30,719,107.918458,9,180.380953,35.000000,43.000000,519.000000,719.000000,719.000000,719.000000
