t,count,max,mean,min,stddev,p50,p75,p95,p98,p99,p999
1554846905,164,63,2.407574,0,8.001332,0.000000,0.000000,11.000000,22.000000,56.000000,63.000000
1554846915,380,105,4.917212,0,11.145695,0.000000,11.000000,22.000000,40.000000,56.000000,105.000000
1554846925,642,105,4.731763,0,11.397412,0.000000,11.000000,22.000000,44.000000,56.000000,105.000000
1554846935,906,112,4.701567,0,12.742477,0.000000,0.000000,22.000000,44.000000,63.000000,112.000000
1554846945,1169,211,5.398343,0,15.679107,0.000000,11.000000,22.000000,44.000000,104.000000,211.000000
1554846955,1424,211,4.999404,0,14.336079,0.000000,11.000000,22.000000,33.000000,58.000000,211.000000
1554846965,1683,211,5.014918,0,15.535769,0.000000,0.000000,22.000000,40.000000,105.000000,134.000000
