t,count,max,mean,min,stddev,p50,p75,p95,p98,p99,p999
1554846915,134,47,4.506151,0,9.805400,0.000000,0.000000,32.000000,40.000000,44.000000,47.000000
1554846925,384,47,4.564117,0,8.932839,0.000000,11.000000,22.000000,35.000000,44.000000,47.000000
1554846935,656,111,4.143203,0,10.323726,0.000000,0.000000,22.000000,33.000000,44.000000,111.000000
1554846945,913,141,5.005293,0,13.586470,0.000000,3.000000,22.000000,42.000000,56.000000,141.000000
1554846955,1166,200,5.602383,0,16.097380,0.000000,11.000000,22.000000,47.000000,94.000000,200.000000
1554846965,1390,200,5.859068,0,15.828919,0.000000,11.000000,22.000000,44.000000,78.000000,200.000000
