t,count,max,mean,min,stddev,p50,p75,p95,p98,p99,p999
1554846915,91,22,2.673457,0,6.186211,0.000000,0.000000,22.000000,22.000000,22.000000,22.000000
1554846925,349,44,3.640091,0,7.957965,0.000000,0.000000,22.000000,31.000000,33.000000,44.000000
1554846935,612,72,4.196861,0,9.058545,0.000000,8.000000,22.000000,31.000000,40.000000,72.000000
1554846945,878,89,4.520075,0,10.396500,0.000000,0.000000,22.000000,39.000000,50.000000,89.000000
1554846955,1150,133,4.912148,0,12.181276,0.000000,1.000000,22.000000,44.000000,60.000000,133.000000
1554846965,1408,200,5.161629,0,13.967107,0.000000,11.000000,22.000000,44.000000,71.000000,200.000000
