t,count,max,mean,min,stddev,p50,p75,p95,p98,p99,p999
1554846905,158,86,43.289118,4,17.580261,35.000000,66.000000,68.000000,74.000000,84.000000,86.000000
1554846915,402,128,42.011250,1,19.620052,36.000000,56.000000,71.000000,84.000000,104.000000,128.000000
1554846925,673,145,39.486278,1,17.715042,34.000000,47.000000,68.000000,83.000000,92.000000,145.000000
1554846935,953,183,38.186212,1,17.275730,34.000000,44.000000,67.000000,77.000000,91.000000,183.000000
1554846945,1233,183,36.926752,1,15.796192,34.000000,42.000000,67.000000,73.000000,86.000000,145.000000
1554846955,1485,183,37.880972,1,16.524504,35.000000,44.000000,68.000000,79.000000,86.000000,145.000000
1554846965,1753,197,37.525012,1,16.683394,35.000000,44.000000,67.000000,78.000000,84.000000,197.000000
