t,count,max,mean,min,stddev,p50,p75,p95,p98,p99,p999
1554846915,2,51,35.239982,19,15.998200,51.000000,51.000000,51.000000,51.000000,51.000000,51.000000
1554846925,6,51,25.445399,15,14.215145,15.000000,40.000000,51.000000,51.000000,51.000000,51.000000
1554846935,11,451,107.916892,13,168.944487,19.000000,51.000000,451.000000,451.000000,451.000000,451.000000
1554846945,16,451,73.973613,10,141.325875,15.000000,40.000000,451.000000,451.000000,451.000000,451.000000
1554846955,20,451,86.454752,5,155.420946,15.000000,40.000000,447.000000,451.000000,451.000000,451.000000
1554846965,24,835,142.886480,5,236.104885,18.000000,51.000000,835.000000,835.000000,835.000000,835.000000
