t,count,max,mean,min,stddev,p50,p75,p95,p98,p99,p999
1554846905,219,95,44.982104,4,17.720265,36.000000,66.000000,69.000000,77.000000,78.000000,95.000000
1554846915,447,144,44.695393,2,20.130375,39.000000,65.000000,72.000000,95.000000,102.000000,144.000000
1554846925,725,144,40.658528,2,18.232089,35.000000,49.000000,70.000000,87.000000,97.000000,144.000000
1554846935,986,181,39.958697,1,18.585967,35.000000,46.000000,71.000000,87.000000,102.000000,181.000000
1554846945,1250,181,38.976402,1,18.212158,34.000000,44.000000,71.000000,85.000000,98.000000,181.000000
1554846955,1495,181,39.665144,1,18.480647,35.000000,46.000000,73.000000,85.000000,94.000000,174.000000
1554846965,1741,174,39.732086,1,18.300638,36.000000,48.000000,71.000000,85.000000,94.000000,174.000000
