t,count,max,mean,min,stddev,p50,p75,p95,p98,p99,p999
1554846905,0,0,0.000000,0,0.000000,0.000000,0.000000,0.000000,0.000000,0.000000,0.000000
1554846915,0,0,0.000000,0,0.000000,0.000000,0.000000,0.000000,0.000000,0.000000,0.000000
1554846925,1,712,712.000000,712,0.000000,712.000000,712.000000,712.000000,712.000000,712.000000,712.000000
1554846935,1,712,712.000000,712,0.000000,712.000000,712.000000,712.000000,712.000000,712.000000,712.000000
1554846945,1,712,712.000000,712,0.000000,712.000000,712.000000,712.000000,712.000000,712.000000,712.000000
1554846955,1,712,712.000000,712,0.000000,712.000000,712.000000,712.000000,712.000000,712.000000,712.000000
1554846965,1,712,712.000000,712,0.000000,712.000000,712.000000,712.000000,712.000000,712.000000,712.000000
