t,count,max,mean,min,stddev,p50,p75,p95,p98,p99,p999
1554846905,0,0,0.000000,0,0.000000,0.000000,0.000000,0.000000,0.000000,0.000000,0.000000
1554846915,0,0,0.000000,0,0.000000,0.000000,0.000000,0.000000,0.000000,0.000000,0.000000
1554846925,0,0,0.000000,0,0.000000,0.000000,0.000000,0.000000,0.000000,0.000000,0.000000
1554846935,1,970,970.000000,970,0.000000,970.000000,970.000000,970.000000,970.000000,970.000000,970.000000
1554846945,1,970,970.000000,970,0.000000,970.000000,970.000000,970.000000,970.000000,970.000000,970.000000
1554846955,2,970,457.469989,89,434.570969,89.000000,970.000000,970.000000,970.000000,970.000000,970.000000
1554846965,3,970,357.975930,89,360.613304,204.000000,970.000000,970.000000,970.000000,970.000000,970.000000
