t,count,max,mean,min,stddev,p50,p75,p95,p98,p99,p999
1554846905,4,102,60.144215,7,34.642244,67.000000,68.000000,102.000000,102.000000,102.000000,102.000000
1554846915,7,738,298.321658,7,290.127594,102.000000,687.000000,738.000000,738.000000,738.000000,738.000000
1554846925,12,738,198.406266,7,249.306401,67.000000,297.000000,738.000000,738.000000,738.000000,738.000000
1554846935,16,738,207.371676,7,258.028543,67.000000,297.000000,738.000000,738.000000,738.000000,738.000000
1554846945,20,738,180.688582,7,233.708386,67.000000,294.000000,687.000000,738.000000,738.000000,738.000000
1554846955,25,738,133.908968,7,212.489085,28.000000,129.000000,687.000000,738.000000,738.000000,738.000000
1554846965,28,738,118.203881,7,198.030225,28.000000,93.000000,687.000000,738.000000,738.000000,738.000000
