t,count,max,mean,min,stddev,p50,p75,p95,p98,p99,p999
1554846895,102,100,37.270475,15,13.731604,33.000000,34.000000,67.000000,77.000000,83.000000,100.000000
1554846905,328,126,42.072291,3,17.118076,34.000000,55.000000,68.000000,81.000000,83.000000,126.000000
1554846915,566,144,42.314378,2,19.036208,34.000000,55.000000,74.000000,84.000000,98.000000,144.000000
1554846925,825,146,40.830037,2,18.426815,34.000000,49.000000,72.000000,84.000000,95.000000,146.000000
1554846935,1080,224,40.425133,1,18.958472,34.000000,46.000000,73.000000,84.000000,95.000000,224.000000
1554846945,1350,224,39.488222,1,18.472339,34.000000,45.000000,72.000000,84.000000,92.000000,224.000000
1554846955,1626,224,38.192160,1,17.750523,35.000000,44.000000,68.000000,81.000000,92.000000,146.000000
1554846965,1897,224,37.868186,1,18.663759,36.000000,44.000000,68.000000,82.000000,91.000000,193.000000
