t,count,max,mean,min,stddev,p50,p75,p95,p98,p99,p999
1554846905,117,98,41.441024,3,17.633303,34.000000,53.000000,68.000000,84.000000,92.000000,98.000000
1554846915,375,149,39.814275,1,18.204630,34.000000,47.000000,68.000000,84.000000,98.000000,149.000000
1554846925,658,149,37.490100,1,15.804674,34.000000,43.000000,67.000000,79.000000,85.000000,149.000000
1554846935,935,221,36.959822,1,15.884531,34.000000,42.000000,66.000000,79.000000,85.000000,221.000000
1554846945,1214,221,36.596592,1,15.356205,34.000000,40.000000,66.000000,76.000000,84.000000,177.000000
1554846955,1472,221,37.337819,1,15.663110,34.000000,42.000000,66.000000,78.000000,84.000000,177.000000
1554846965,1716,221,38.406623,1,15.638248,35.000000,44.000000,68.000000,80.000000,84.000000,133.000000
