t,count,max,mean,min,stddev,p50,p75,p95,p98,p99,p999
1554846905,146,99,39.843758,2,16.351463,34.000000,48.000000,68.000000,83.000000,84.000000,99.000000
1554846915,387,117,41.024100,1,18.435302,35.000000,50.000000,70.000000,86.000000,99.000000,117.000000
1554846925,666,117,38.447488,1,16.713220,34.000000,45.000000,67.000000,84.000000,89.000000,117.000000
1554846935,945,222,37.539883,1,17.090130,34.000000,43.000000,67.000000,82.000000,96.000000,222.000000
1554846945,1231,222,36.699684,1,16.306767,34.000000,42.000000,66.000000,74.000000,88.000000,164.000000
1554846955,1494,222,36.776880,1,16.003971,34.000000,43.000000,67.000000,74.000000,83.000000,117.000000
1554846965,1759,177,36.695028,1,16.560263,35.000000,44.000000,67.000000,76.000000,88.000000,177.000000
