t,count,max,mean,min,stddev,p50,p75,p95,p98,p99,p999
1554846905,3,923,366.241475,18,416.031879,95.000000,923.000000,923.000000,923.000000,923.000000,923.000000
1554846915,9,929,281.878501,3,371.133063,37.000000,522.000000,929.000000,929.000000,929.000000,929.000000
1554846925,14,929,213.281061,2,320.830809,34.000000,502.000000,929.000000,929.000000,929.000000,929.000000
1554846935,19,940,245.889964,2,333.886359,37.000000,508.000000,940.000000,940.000000,940.000000,940.000000
1554846945,24,940,211.835317,2,306.545184,37.000000,500.000000,929.000000,940.000000,940.000000,940.000000
1554846955,28,940,171.184233,2,286.287798,33.000000,116.000000,929.000000,940.000000,940.000000,940.000000
1554846965,32,940,142.913374,2,264.278504,32.000000,61.000000,923.000000,940.000000,940.000000,940.000000
