t,count,max,mean,min,stddev,p50,p75,p95,p98,p99,p999
1554846905,235,132,41.753807,2,18.703829,34.000000,54.000000,71.000000,81.000000,84.000000,132.000000
1554846915,485,135,40.873954,1,19.248006,34.000000,50.000000,73.000000,86.000000,105.000000,135.000000
1554846925,758,135,39.008260,1,17.602654,34.000000,44.000000,71.000000,81.000000,93.000000,135.000000
1554846935,1030,185,38.216143,1,17.382734,34.000000,44.000000,68.000000,77.000000,93.000000,185.000000
1554846945,1299,185,37.698422,1,17.144231,34.000000,43.000000,67.000000,77.000000,90.000000,185.000000
1554846955,1566,185,37.542188,1,17.469181,35.000000,44.000000,68.000000,81.000000,93.000000,146.000000
1554846965,1839,185,37.711217,1,18.067493,35.000000,44.000000,69.000000,84.000000,93.000000,151.000000
