t,count,max,mean,min,stddev,p50,p75,p95,p98,p99,p999
1554846905,0,0,0.000000,0,0.000000,0.000000,0.000000,0.000000,0.000000,0.000000,0.000000
1554846915,1,924,924.000000,924,0.000000,924.000000,924.000000,924.000000,924.000000,924.000000,924.000000
1554846925,1,924,924.000000,924,0.000000,924.000000,924.000000,924.000000,924.000000,924.000000,924.000000
1554846935,2,924,806.811388,716,103.160363,716.000000,924.000000,924.000000,924.000000,924.000000,924.000000
1554846945,2,924,806.811388,716,103.160363,716.000000,924.000000,924.000000,924.000000,924.000000,924.000000
1554846955,3,924,825.900245,716,80.771073,851.000000,851.000000,924.000000,924.000000,924.000000,924.000000
1554846965,3,924,825.900245,716,80.771073,851.000000,851.000000,924.000000,924.000000,924.000000,924.000000
