t,count,max,mean,min,stddev,p50,p75,p95,p98,p99,p999
1554846914,64,122,12.099656,0,23.913400,0.000000,22.000000,44.000000,111.000000,122.000000,122.000000
1554846924,304,126,6.345475,0,16.794742,0.000000,11.000000,33.000000,56.000000,113.000000,126.000000
1554846934,549,200,6.492528,0,18.133044,0.000000,11.000000,31.000000,56.000000,111.000000,200.000000
1554846944,816,200,6.145725,0,17.410922,0.000000,1.000000,31.000000,56.000000,102.000000,200.000000
1554846954,1085,208,7.069556,0,20.088255,0.000000,11.000000,35.000000,89.000000,111.000000,208.000000
1554846964,1336,208,7.384580,0,19.860270,0.000000,11.000000,33.000000,82.000000,111.000000,208.000000
