t,count,max,mean,min,stddev,p50,p75,p95,p98,p99,p999
1554846914,76,44,4.133107,0,10.043174,0.000000,0.000000,33.000000,44.000000,44.000000,44.000000
1554846924,342,131,6.156745,0,16.815813,0.000000,0.000000,40.000000,56.000000,100.000000,131.000000
1554846934,607,131,5.500615,0,14.884795,0.000000,0.000000,31.000000,46.000000,75.000000,131.000000
1554846944,860,131,5.456438,0,14.243846,0.000000,1.000000,31.000000,44.000000,71.000000,122.000000
1554846954,1100,122,5.323467,0,13.979145,0.000000,0.000000,31.000000,46.000000,71.000000,122.000000
1554846964,1349,122,5.317426,0,14.189191,0.000000,0.000000,31.000000,50.000000,75.000000,122.000000
