t,count,max,mean,min,stddev,p50,p75,p95,p98,p99,p999
1554846914,76,75,7.733288,0,16.097862,0.000000,11.000000,56.000000,67.000000,75.000000,75.000000
1554846924,349,131,4.722198,0,13.393757,0.000000,0.000000,22.000000,50.000000,67.000000,131.000000
1554846934,625,131,4.963794,0,14.854113,0.000000,0.000000,22.000000,56.000000,75.000000,131.000000
1554846944,895,200,5.308245,0,16.976356,0.000000,0.000000,22.000000,56.000000,111.000000,200.000000
1554846954,1150,200,4.875891,0,15.002572,0.000000,0.000000,22.000000,43.000000,67.000000,200.000000
1554846964,1397,200,4.690092,0,14.255033,0.000000,0.000000,22.000000,40.000000,70.000000,128.000000
