t,count,max,mean,min,stddev,p50,p75,p95,p98,p99,p999
1554846914,75,75,7.582922,0,13.752910,0.000000,11.000000,31.000000,67.000000,75.000000,75.000000
1554846924,348,128,5.188531,0,12.222477,0.000000,11.000000,25.000000,40.000000,50.000000,128.000000
1554846934,621,128,5.494808,0,14.561319,0.000000,11.000000,31.000000,44.000000,75.000000,128.000000
1554846944,897,211,5.529863,0,16.171783,0.000000,0.000000,31.000000,46.000000,75.000000,211.000000
1554846954,1160,211,5.418166,0,14.727733,0.000000,11.000000,31.000000,44.000000,67.000000,211.000000
1554846964,1413,211,5.537055,0,15.359660,0.000000,8.000000,30.000000,46.000000,75.000000,126.000000
