t,count,max,mean,min,stddev,p50,p75,p95,p98,p99,p999
1554846914,81,122,7.353330,0,17.228239,0.000000,11.000000,33.000000,78.000000,122.000000,122.000000
1554846924,313,122,6.767743,0,16.638930,0.000000,11.000000,37.000000,72.000000,78.000000,122.000000
1554846934,571,122,6.333124,0,15.841180,0.000000,11.000000,33.000000,63.000000,91.000000,122.000000
1554846944,834,211,6.803250,0,17.398937,0.000000,11.000000,33.000000,56.000000,100.000000,211.000000
1554846954,1086,211,6.003323,0,15.360429,0.000000,11.000000,31.000000,52.000000,72.000000,211.000000
1554846964,1322,211,8.855490,0,17.661425,0.000000,11.000000,44.000000,48.000000,57.000000,174.000000
