t,count,max,mean,min,stddev,p50,p75,p95,p98,p99,p999
1554846914,77,67,6.852170,0,14.578660,0.000000,11.000000,44.000000,67.000000,67.000000,67.000000
1554846924,347,111,4.866491,0,13.139882,0.000000,0.000000,25.000000,44.000000,67.000000,111.000000
1554846934,615,122,4.920176,0,13.675317,0.000000,0.000000,22.000000,44.000000,67.000000,122.000000
1554846944,891,200,5.510522,0,16.292943,0.000000,0.000000,22.000000,46.000000,104.000000,200.000000
1554846954,1151,200,4.879752,0,14.162137,0.000000,0.000000,22.000000,44.000000,71.000000,200.000000
1554846964,1401,200,5.661441,0,15.729926,0.000000,11.000000,22.000000,44.000000,104.000000,145.000000
