t,count,max,mean,min,stddev,p50,p75,p95,p98,p99,p999
1554846914,0,0,0.000000,0,0.000000,0.000000,0.000000,0.000000,0.000000,0.000000,0.000000
1554846924,0,0,0.000000,0,0.000000,0.000000,0.000000,0.000000,0.000000,0.000000,0.000000
1554846934,0,0,0.000000,0,0.000000,0.000000,0.000000,0.000000,0.000000,0.000000,0.000000
1554846944,3,152,127.794025,76,35.407977,152.000000,152.000000,152.000000,152.000000,152.000000,152.000000
1554846954,5,304,190.407980,76,78.155170,152.000000,228.000000,304.000000,304.000000,304.000000,304.000000
1554846964,5,304,190.407980,76,78.155170,152.000000,228.000000,304.000000,304.000000,304.000000,304.000000
