t,count,max,mean,min,stddev,p50,p75,p95,p98,p99,p999
1554846914,0,0,0.000000,0,0.000000,0.000000,0.000000,0.000000,0.000000,0.000000,0.000000
1554846924,1,820,820.000000,820,0.000000,820.000000,820.000000,820.000000,820.000000,820.000000,820.000000
1554846934,3,820,576.640145,467,152.563064,497.000000,820.000000,820.000000,820.000000,820.000000,820.000000
1554846944,4,820,555.679775,467,133.657912,497.000000,502.000000,820.000000,820.000000,820.000000,820.000000
1554846954,4,820,555.679775,467,133.657912,497.000000,502.000000,820.000000,820.000000,820.000000,820.000000
1554846964,5,820,513.636035,406,131.802483,497.000000,502.000000,820.000000,820.000000,820.000000,820.000000
