t,count,max,mean,min,stddev,p50,p75,p95,p98,p99,p999
1554846914,0,0,0.000000,0,0.000000,0.000000,0.000000,0.000000,0.000000,0.000000,0.000000
1554846924,1,695,695.000000,695,0.000000,695.000000,695.000000,695.000000,695.000000,695.000000,695.000000
1554846934,1,695,695.000000,695,0.000000,695.000000,695.000000,695.000000,695.000000,695.000000,695.000000
1554846944,1,695,695.000000,695,0.000000,695.000000,695.000000,695.000000,695.000000,695.000000,695.000000
1554846954,1,695,695.000000,695,0.000000,695.000000,695.000000,695.000000,695.000000,695.000000,695.000000
1554846964,1,695,695.000000,695,0.000000,695.000000,695.000000,695.000000,695.000000,695.000000,695.000000
