t,count,max,mean,min,stddev,p50,p75,p95,p98,p99,p999
1554846914,79,166,48.440833,4,29.856045,41.000000,64.000000,104.000000,157.000000,166.000000,166.000000
1554846924,335,166,40.866769,1,21.166358,35.000000,45.000000,82.000000,97.000000,117.000000,166.000000
1554846934,605,177,39.032688,1,19.233512,34.000000,42.000000,73.000000,95.000000,116.000000,177.000000
1554846944,868,177,38.688526,1,18.654080,34.000000,43.000000,72.000000,87.000000,116.000000,177.000000
1554846954,1133,157,37.985825,1,17.452306,34.000000,43.000000,70.000000,84.000000,100.000000,151.000000
1554846964,1409,216,37.587974,1,18.795028,35.000000,44.000000,70.000000,84.000000,93.000000,216.000000
