t,count,max,mean,min,stddev,p50,p75,p95,p98,p99,p999
1554846914,71,162,53.657500,4,28.356104,49.000000,67.000000,100.000000,144.000000,162.000000,162.000000
1554846924,322,162,42.756980,1,21.358347,38.000000,52.000000,79.000000,91.000000,106.000000,162.000000
1554846934,575,223,41.300340,1,20.955208,35.000000,47.000000,77.000000,88.000000,100.000000,223.000000
1554846944,847,223,39.530031,1,19.247798,35.000000,44.000000,72.000000,85.000000,92.000000,223.000000
1554846954,1122,223,38.131693,0,17.999015,35.000000,44.000000,68.000000,82.000000,91.000000,162.000000
1554846964,1393,193,37.061230,0,17.878936,35.000000,44.000000,67.000000,82.000000,88.000000,193.000000
