t,count,max,mean,min,stddev,p50,p75,p95,p98,p99,p999
1554846914,0,0,0.000000,0,0.000000,0.000000,0.000000,0.000000,0.000000,0.000000,0.000000
1554846924,1,817,817.000000,817,0.000000,817.000000,817.000000,817.000000,817.000000,817.000000,817.000000
1554846934,2,817,478.630208,196,309.246705,196.000000,817.000000,817.000000,817.000000,817.000000,817.000000
1554846944,3,817,350.904337,143,292.906876,196.000000,817.000000,817.000000,817.000000,817.000000,817.000000
1554846954,3,817,350.904337,143,292.906876,196.000000,817.000000,817.000000,817.000000,817.000000,817.000000
1554846964,3,817,350.904337,143,292.906876,196.000000,817.000000,817.000000,817.000000,817.000000,817.000000
