t,count,max,mean,min,stddev,p50,p75,p95,p98,p99,p999
1554846914,90,162,42.959866,1,25.385037,36.000000,51.000000,87.000000,127.000000,162.000000,162.000000
1554846924,370,162,37.276908,1,16.622471,34.000000,42.000000,66.000000,85.000000,97.000000,162.000000
1554846934,650,220,36.573258,1,17.088119,34.000000,42.000000,66.000000,80.000000,97.000000,220.000000
1554846944,930,220,36.192403,1,16.463455,34.000000,42.000000,63.000000,76.000000,87.000000,220.000000
1554846954,1200,165,36.074591,1,15.297103,34.000000,42.000000,62.000000,77.000000,84.000000,165.000000
1554846964,1469,165,36.668385,1,16.214579,35.000000,44.000000,65.000000,78.000000,86.000000,146.000000
