t,count,max,mean,min,stddev,p50,p75,p95,p98,p99,p999
1554846914,2,741,398.384919,40,350.411298,741.000000,741.000000,741.000000,741.000000,741.000000,741.000000
1554846924,7,787,269.527713,2,324.701753,40.000000,741.000000,787.000000,787.000000,787.000000,787.000000
1554846934,12,787,188.833422,2,268.803781,39.000000,343.000000,787.000000,787.000000,787.000000,787.000000
1554846944,17,787,203.063280,2,277.620089,40.000000,343.000000,777.000000,787.000000,787.000000,787.000000
1554846954,21,787,187.040798,2,253.145525,40.000000,343.000000,777.000000,787.000000,787.000000,787.000000
1554846964,26,787,143.667592,2,229.623397,29.000000,152.000000,777.000000,787.000000,787.000000,787.000000
