t,count,max,mean,min,stddev,p50,p75,p95,p98,p99,p999
1554846914,20,63,39.129249,7,12.735700,36.000000,47.000000,63.000000,63.000000,63.000000,63.000000
1554846924,295,107,36.610362,1,14.585627,34.000000,41.000000,67.000000,77.000000,83.000000,107.000000
1554846934,554,199,37.629862,1,17.663352,34.000000,41.000000,67.000000,77.000000,106.000000,199.000000
1554846944,823,199,37.361620,1,18.327773,34.000000,41.000000,68.000000,77.000000,91.000000,199.000000
1554846954,1094,199,37.069230,1,17.667488,34.000000,42.000000,68.000000,77.000000,91.000000,188.000000
1554846964,1361,199,37.454590,1,18.126852,34.000000,44.000000,69.000000,79.000000,89.000000,188.000000
