t,count,max,mean,min,stddev,p50,p75,p95,p98,p99,p999
1554652306,2,741,405.267870,103,318.560882,103.000000,741.000000,741.000000,741.000000,741.000000,741.000000
1554652316,2,741,405.267870,103,318.560882,103.000000,741.000000,741.000000,741.000000,741.000000,741.000000
1554652326,2,741,405.267870,103,318.560882,103.000000,741.000000,741.000000,741.000000,741.000000,741.000000
1554652336,3,741,338.226938,103,253.515467,248.000000,741.000000,741.000000,741.000000,741.000000,741.000000
1554652346,3,741,338.226938,103,253.515467,248.000000,741.000000,741.000000,741.000000,741.000000,741.000000
1554652356,4,994,584.630548,103,375.487711,741.000000,994.000000,994.000000,994.000000,994.000000,994.000000
1554652366,4,994,584.630548,103,375.487711,741.000000,994.000000,994.000000,994.000000,994.000000,994.000000
