t,count,max,mean,min,stddev,p50,p75,p95,p98,p99,p999
1554846910,78,63,2.537639,0,9.768739,0.000000,0.000000,22.000000,44.000000,63.000000,63.000000
1554846920,316,68,5.823681,0,12.720165,0.000000,11.000000,33.000000,63.000000,65.000000,68.000000
1554846930,580,111,5.339473,0,13.654376,0.000000,0.000000,33.000000,60.000000,67.000000,111.000000
1554846940,862,122,4.915695,0,13.168275,0.000000,0.000000,31.000000,55.000000,67.000000,122.000000
1554846950,1109,211,5.441839,0,16.058541,0.000000,0.000000,31.000000,56.000000,75.000000,211.000000
1554846960,1355,144,4.977340,0,13.417314,0.000000,0.000000,25.000000,47.000000,63.000000,144.000000
1554846970,1613,117,5.230332,0,13.406796,0.000000,0.000000,31.000000,44.000000,68.000000,113.000000
