t,count,max,mean,min,stddev,p50,p75,p95,p98,p99,p999
1554846910,78,47,7.049232,0,11.389163,0.000000,11.000000,33.000000,44.000000,47.000000,47.000000
1554846920,338,70,5.714736,0,10.528490,0.000000,11.000000,31.000000,44.000000,44.000000,70.000000
1554846930,609,127,4.853243,0,12.289509,0.000000,9.000000,25.000000,33.000000,44.000000,127.000000
1554846940,886,127,4.871101,0,12.591257,0.000000,9.000000,22.000000,33.000000,47.000000,127.000000
1554846950,1152,211,5.655493,0,15.236134,0.000000,11.000000,25.000000,44.000000,72.000000,211.000000
1554846960,1408,211,5.003057,0,14.350325,0.000000,0.000000,22.000000,33.000000,56.000000,211.000000
1554846970,1652,211,5.660229,0,14.622260,0.000000,11.000000,31.000000,44.000000,68.000000,122.000000
