t,count,max,mean,min,stddev,p50,p75,p95,p98,p99,p999
1554846910,5,1671,1390.200000,1320,140.400000,1320.000000,1320.000000,1671.000000,1671.000000,1671.000000,1671.000000
1554846920,44,1671,478.031142,89,563.255674,178.000000,351.000000,1671.000000,1671.000000,1671.000000,1671.000000
1554846930,81,1671,355.802916,89,431.239147,178.000000,440.000000,1671.000000,1671.000000,1671.000000,1671.000000
1554846940,130,1671,370.606161,89,346.537986,351.000000,440.000000,1320.000000,1671.000000,1671.000000,1671.000000
1554846950,153,1671,370.541490,89,337.165977,351.000000,440.000000,791.000000,1671.000000,1671.000000,1671.000000
1554846960,195,1671,338.535617,89,310.820606,351.000000,440.000000,791.000000,1671.000000,1671.000000,1671.000000
1554846970,258,1671,360.042996,89,288.177604,351.000000,440.000000,702.000000,1320.000000,1671.000000,1671.000000
