t,count,max,mean,min,stddev,p50,p75,p95,p98,p99,p999
1554846910,1,28,28.000000,28,0.000000,28.000000,28.000000,28.000000,28.000000,28.000000,28.000000
1554846920,6,958,418.029948,13,423.355548,28.000000,957.000000,958.000000,958.000000,958.000000,958.000000
1554846930,11,958,268.467810,3,369.958023,15.000000,557.000000,958.000000,958.000000,958.000000,958.000000
1554846940,16,959,295.703846,3,368.043959,24.000000,555.000000,959.000000,959.000000,959.000000,959.000000
1554846950,21,959,257.760949,3,349.624670,28.000000,555.000000,959.000000,959.000000,959.000000,959.000000
1554846960,26,959,195.524452,3,319.439058,21.000000,175.000000,958.000000,959.000000,959.000000,959.000000
1554846970,30,959,169.669335,3,292.920863,23.000000,172.000000,958.000000,959.000000,959.000000,959.000000
