t,count,max,mean,min,stddev,p50,p75,p95,p98,p99,p999
1554846920,5,324,88.052607,20,120.648547,20.000000,49.000000,324.000000,324.000000,324.000000,324.000000
1554846930,8,324,61.603856,18,97.748708,20.000000,34.000000,324.000000,324.000000,324.000000,324.000000
1554846940,13,525,90.587865,17,159.842670,20.000000,34.000000,525.000000,525.000000,525.000000,525.000000
1554846950,17,525,75.537903,17,137.150408,22.000000,38.000000,525.000000,525.000000,525.000000,525.000000
1554846960,23,915,132.500840,10,235.472529,21.000000,76.000000,915.000000,915.000000,915.000000,915.000000
1554846970,28,915,143.910131,2,270.590346,20.000000,76.000000,908.000000,915.000000,915.000000,915.000000
