t,count,max,mean,min,stddev,p50,p75,p95,p98,p99,p999
1554846910,85,99,42.811921,2,19.817760,40.000000,52.000000,76.000000,85.000000,99.000000,99.000000
1554846920,350,149,38.845827,2,18.499645,35.000000,45.000000,74.000000,89.000000,99.000000,149.000000
1554846930,643,225,36.621501,2,17.394352,34.000000,41.000000,68.000000,81.000000,90.000000,225.000000
1554846940,927,225,35.986499,2,15.768930,34.000000,41.000000,66.000000,76.000000,85.000000,225.000000
1554846950,1187,225,36.451784,2,16.579889,34.000000,42.000000,67.000000,75.000000,86.000000,168.000000
1554846960,1462,225,36.082627,2,16.181638,34.000000,43.000000,65.000000,73.000000,81.000000,168.000000
1554846970,1715,225,37.275396,2,17.470839,35.000000,44.000000,67.000000,77.000000,93.000000,168.000000
