t,count,max,mean,min,stddev,p50,p75,p95,p98,p99,p999
1554846910,0,0,0.000000,0,0.000000,0.000000,0.000000,0.000000,0.000000,0.000000,0.000000
1554846920,1,384,384.000000,384,0.000000,384.000000,384.000000,384.000000,384.000000,384.000000,384.000000
1554846930,1,384,384.000000,384,0.000000,384.000000,384.000000,384.000000,384.000000,384.000000,384.000000
1554846940,1,384,384.000000,384,0.000000,384.000000,384.000000,384.000000,384.000000,384.000000,384.000000
1554846950,1,384,384.000000,384,0.000000,384.000000,384.000000,384.000000,384.000000,384.000000,384.000000
1554846960,2,658,565.558383,384,129.551343,658.000000,658.000000,658.000000,658.000000,658.000000,658.000000
1554846970,2,658,565.558383,384,129.551343,658.000000,658.000000,658.000000,658.000000,658.000000,658.000000
