t,count,max,mean,min,stddev,p50,p75,p95,p98,p99,p999
1554846910,2,46,40.925006,36,4.999438,36.000000,46.000000,46.000000,46.000000,46.000000,46.000000
1554846920,4,46,21.647924,2,18.805501,6.000000,36.000000,46.000000,46.000000,46.000000,46.000000
1554846930,9,674,200.604833,2,275.297521,36.000000,276.000000,674.000000,674.000000,674.000000,674.000000
1554846940,14,674,142.289860,2,232.366736,6.000000,271.000000,674.000000,674.000000,674.000000,674.000000
1554846950,18,674,167.002840,1,245.779238,21.000000,271.000000,674.000000,674.000000,674.000000,674.000000
1554846960,22,674,147.453445,1,224.660754,21.000000,271.000000,674.000000,674.000000,674.000000,674.000000
1554846970,27,674,110.017629,1,203.241744,12.000000,46.000000,674.000000,674.000000,674.000000,674.000000
