t,count,max,mean,min,stddev,p50,p75,p95,p98,p99,p999
1554846910,2,59,48.247458,37,10.997216,59.000000,59.000000,59.000000,59.000000,59.000000,59.000000
1554846920,7,116,32.661656,5,38.332099,8.000000,59.000000,116.000000,116.000000,116.000000,116.000000
1554846930,12,116,32.145474,5,31.630801,20.000000,37.000000,116.000000,116.000000,116.000000,116.000000
1554846940,16,116,32.278915,5,27.270288,23.000000,37.000000,116.000000,116.000000,116.000000,116.000000
1554846950,20,490,58.594741,5,112.027461,28.000000,37.000000,490.000000,490.000000,490.000000,490.000000
1554846960,24,490,50.646898,5,99.591446,27.000000,33.000000,116.000000,490.000000,490.000000,490.000000
1554846970,28,490,55.604081,5,100.929770,27.000000,36.000000,258.000000,490.000000,490.000000,490.000000
