t,count,max,mean,min,stddev,p50,p75,p95,p98,p99,p999
1554846910,0,0,0.000000,0,0.000000,0.000000,0.000000,0.000000,0.000000,0.000000,0.000000
1554846920,0,0,0.000000,0,0.000000,0.000000,0.000000,0.000000,0.000000,0.000000,0.000000
1554846930,1,551,551.000000,551,0.000000,551.000000,551.000000,551.000000,551.000000,551.000000,551.000000
1554846940,2,579,566.464621,551,13.923178,579.000000,579.000000,579.000000,579.000000,579.000000,579.000000
1554846950,2,579,566.464621,551,13.923178,579.000000,579.000000,579.000000,579.000000,579.000000,579.000000
1554846960,3,579,357.509793,73,244.052173,551.000000,579.000000,579.000000,579.000000,579.000000,579.000000
1554846970,3,579,357.509793,73,244.052173,551.000000,579.000000,579.000000,579.000000,579.000000,579.000000
