t,count,max,mean,min,stddev,p50,p75,p95,p98,p99,p999
1554846910,98,120,38.778003,3,18.665433,35.000000,44.000000,74.000000,119.000000,119.000000,120.000000
1554846920,361,120,37.944036,2,17.334342,35.000000,45.000000,67.000000,86.000000,99.000000,120.000000
1554846930,626,165,38.050210,1,17.279119,35.000000,44.000000,67.000000,82.000000,99.000000,165.000000
1554846940,917,165,36.489352,1,15.285126,34.000000,42.000000,65.000000,74.000000,86.000000,165.000000
1554846950,1173,165,37.256352,1,16.295043,35.000000,44.000000,67.000000,78.000000,93.000000,119.000000
1554846960,1447,119,36.553491,1,16.429975,35.000000,44.000000,66.000000,80.000000,87.000000,119.000000
1554846970,1717,122,36.514997,1,17.068838,35.000000,44.000000,67.000000,82.000000,88.000000,122.000000
