t,count,max,mean,min,stddev,p50,p75,p95,p98,p99,p999
1554847740,1,14,14.000000,14,0.000000,14.000000,14.000000,14.000000,14.000000,14.000000,14.000000
1554847750,5,22,15.091685,12,3.661290,14.000000,14.000000,22.000000,22.000000,22.000000,22.000000
1554847760,10,855,238.788058,3,345.453337,20.000000,454.000000,855.000000,855.000000,855.000000,855.000000
1554847770,15,855,187.756176,3,298.668836,20.000000,454.000000,855.000000,855.000000,855.000000,855.000000
1554847780,20,855,212.319686,3,309.985380,20.000000,454.000000,854.000000,855.000000,855.000000,855.000000
1554847790,25,855,190.419787,3,294.190155,20.000000,408.000000,854.000000,855.000000,855.000000,855.000000
1554847800,30,855,149.400316,3,267.735711,19.000000,37.000000,854.000000,855.000000,855.000000,855.000000
1554847810,34,855,124.913926,3,247.939835,17.000000,22.000000,843.000000,855.000000,855.000000,855.000000
1554847820,38,855,122.496792,1,238.089495,15.000000,22.000000,843.000000,854.000000,855.000000,855.000000
1554847830,43,855,116.663757,1,225.032277,17.000000,24.000000,587.000000,854.000000,855.000000,855.000000
1554847840,46,859,157.264331,1,266.312877,17.000000,408.000000,855.000000,859.000000,859.000000,859.000000
1554847850,51,859,152.919653,1,249.040251,18.000000,224.000000,854.000000,859.000000,859.000000,859.000000
1554847860,55,859,179.550533,1,274.156900,18.000000,405.000000,855.000000,859.000000,859.000000,859.000000
1554847870,57,859,190.461842,1,278.023843,18.000000,409.000000,855.000000,859.000000,859.000000,859.000000
1554847880,62,859,165.117979,1,257.295691,18.000000,224.000000,855.000000,859.000000,859.000000,859.000000
1554847890,65,859,169.768970,0,260.173113,18.000000,405.000000,855.000000,855.000000,859.000000,859.000000
1554847900,70,859,139.742793,0,243.519558,14.000000,199.000000,843.000000,855.000000,859.000000,859.000000
1554847910,75,859,116.915087,0,226.607131,13.000000,28.000000,601.000000,855.000000,859.000000,859.000000
1554847920,80,859,124.835558,0,244.496220,11.000000,28.000000,789.000000,855.000000,859.000000,859.000000
