t,count,max,mean,min,stddev,p50,p75,p95,p98,p99,p999
1554652306,215,100,38.929672,5,15.047584,33.000000,37.000000,67.000000,85.000000,96.000000,100.000000
1554652316,452,103,40.572256,5,15.991904,33.000000,49.000000,67.000000,84.000000,99.000000,103.000000
1554652326,667,120,42.792753,3,17.636328,34.000000,52.000000,67.000000,86.000000,99.000000,120.000000
1554652336,893,120,43.279684,3,17.712341,34.000000,63.000000,67.000000,85.000000,99.000000,120.000000
1554652346,1121,120,43.787475,3,17.950455,34.000000,66.000000,69.000000,88.000000,99.000000,111.000000
1554652356,1339,111,44.390083,5,18.083810,34.000000,66.000000,68.000000,86.000000,99.000000,103.000000
1554652366,1532,137,46.123165,5,19.042401,34.000000,66.000000,72.000000,88.000000,99.000000,137.000000
