t,count,max,mean,min,stddev,p50,p75,p95,p98,p99,p999
1554846904,91,99,8.021513,0,17.956918,0.000000,11.000000,46.000000,85.000000,99.000000,99.000000
1554846914,326,134,4.930492,0,13.860847,0.000000,0.000000,27.000000,49.000000,79.000000,134.000000
1554846924,594,134,5.311586,0,14.850353,0.000000,0.000000,25.000000,49.000000,79.000000,134.000000
1554846934,865,200,5.400883,0,16.378255,0.000000,0.000000,22.000000,52.000000,104.000000,200.000000
1554846944,1144,200,4.717710,0,14.419313,0.000000,0.000000,22.000000,44.000000,79.000000,200.000000
1554846954,1394,145,4.889564,0,14.188410,0.000000,0.000000,22.000000,40.000000,79.000000,145.000000
1554846964,1657,145,5.081023,0,13.393018,0.000000,11.000000,22.000000,44.000000,73.000000,145.000000
