t,count,max,mean,min,stddev,p50,p75,p95,p98,p99,p999
1554846904,10,0,0.000000,0,0.000000,0.000000,0.000000,0.000000,0.000000,0.000000,0.000000
1554846914,231,315,5.955800,0,22.326711,0.000000,11.000000,22.000000,47.000000,56.000000,315.000000
1554846924,507,315,4.526046,0,16.712960,0.000000,0.000000,22.000000,44.000000,47.000000,315.000000
1554846934,780,315,4.778490,0,16.510189,0.000000,0.000000,22.000000,44.000000,56.000000,315.000000
1554846944,1054,315,5.218352,0,17.922994,0.000000,0.000000,22.000000,44.000000,111.000000,200.000000
1554846954,1312,315,5.409419,0,17.240920,0.000000,0.000000,22.000000,44.000000,100.000000,200.000000
1554846964,1560,200,5.009808,0,14.772557,0.000000,0.000000,22.000000,44.000000,56.000000,200.000000
