t,count,max,mean,min,stddev,p50,p75,p95,p98,p99,p999
1554846914,124,44,4.830731,0,8.883903,0.000000,11.000000,22.000000,40.000000,40.000000,44.000000
1554846924,366,44,4.877957,0,8.140232,0.000000,11.000000,22.000000,33.000000,40.000000,44.000000
1554846934,644,104,4.074818,0,8.830601,0.000000,11.000000,22.000000,25.000000,33.000000,104.000000
1554846944,909,122,4.696920,0,11.267614,0.000000,11.000000,22.000000,33.000000,44.000000,122.000000
1554846954,1159,205,5.461410,0,14.693207,0.000000,11.000000,22.000000,44.000000,71.000000,205.000000
1554846964,1391,205,5.491995,0,13.672122,0.000000,11.000000,23.000000,40.000000,56.000000,205.000000
