t,count,max,mean,min,stddev,p50,p75,p95,p98,p99,p999
1554846914,205,67,4.427751,0,9.460874,0.000000,11.000000,22.000000,33.000000,44.000000,67.000000
1554846924,477,67,4.339430,0,9.181142,0.000000,11.000000,22.000000,33.000000,44.000000,67.000000
1554846934,751,128,4.111842,0,11.512909,0.000000,0.000000,22.000000,33.000000,50.000000,128.000000
1554846944,1024,128,4.663781,0,12.308997,0.000000,0.000000,23.000000,44.000000,65.000000,117.000000
1554846954,1285,200,5.547098,0,15.466173,0.000000,11.000000,25.000000,47.000000,78.000000,200.000000
1554846964,1533,133,5.077241,0,13.699562,0.000000,0.000000,22.000000,44.000000,78.000000,133.000000
