t,count,max,mean,min,stddev,p50,p75,p95,p98,p99,p999
1554846914,183,33,2.620064,0,6.273533,0.000000,0.000000,11.000000,22.000000,31.000000,33.000000
1554846924,449,56,3.678035,0,6.936469,0.000000,11.000000,16.000000,22.000000,31.000000,56.000000
1554846934,711,127,3.991602,0,9.735313,0.000000,0.000000,22.000000,31.000000,39.000000,127.000000
1554846944,996,127,4.432225,0,11.880186,0.000000,0.000000,22.000000,32.000000,47.000000,127.000000
1554846954,1256,200,5.332942,0,15.563208,0.000000,11.000000,22.000000,39.000000,70.000000,200.000000
1554846964,1507,200,4.882032,0,13.568708,0.000000,11.000000,22.000000,33.000000,56.000000,200.000000
