t,count,max,mean,min,stddev,p50,p75,p95,p98,p99,p999
1554846904,5,1320,1320.000000,1320,0.000000,1320.000000,1320.000000,1320.000000,1320.000000,1320.000000,1320.000000
1554846914,49,1765,534.266826,89,602.122029,267.000000,1320.000000,1671.000000,1765.000000,1765.000000,1765.000000
1554846924,89,1765,385.262569,89,466.922502,178.000000,440.000000,1671.000000,1671.000000,1765.000000,1765.000000
1554846934,141,1765,395.328191,89,371.697659,351.000000,440.000000,1320.000000,1671.000000,1671.000000,1765.000000
1554846944,176,1765,378.885419,89,354.735715,351.000000,440.000000,1320.000000,1671.000000,1671.000000,1765.000000
1554846954,217,1765,360.336990,89,328.432345,351.000000,440.000000,791.000000,1671.000000,1671.000000,1765.000000
1554846964,278,1765,375.330619,89,306.529223,351.000000,440.000000,791.000000,1320.000000,1671.000000,1765.000000
