t,count,max,mean,min,stddev,p50,p75,p95,p98,p99,p999
1554846904,2,65,37.595030,11,26.996963,11.000000,65.000000,65.000000,65.000000,65.000000,65.000000
1554846914,6,723,240.623083,11,271.314583,89.000000,489.000000,723.000000,723.000000,723.000000,723.000000
1554846924,11,723,138.485813,6,218.855908,42.000000,89.000000,723.000000,723.000000,723.000000,723.000000
1554846934,15,723,154.507954,6,208.088047,65.000000,130.000000,723.000000,723.000000,723.000000,723.000000
1554846944,18,901,192.139943,6,275.197251,42.000000,130.000000,901.000000,901.000000,901.000000,901.000000
1554846954,23,901,139.396087,6,245.519463,31.000000,88.000000,901.000000,901.000000,901.000000,901.000000
1554846964,27,901,116.382322,6,221.995171,33.000000,87.000000,723.000000,901.000000,901.000000,901.000000
