t,count,max,mean,min,stddev,p50,p75,p95,p98,p99,p999
1554846904,2,106,58.295053,12,46.994713,12.000000,106.000000,106.000000,106.000000,106.000000,106.000000
1554846914,6,914,425.102522,9,394.597726,548.000000,910.000000,914.000000,914.000000,914.000000,914.000000
1554846924,11,914,278.093236,7,348.385996,43.000000,548.000000,914.000000,914.000000,914.000000,914.000000
1554846934,16,920,289.257879,6,354.222860,39.000000,530.000000,920.000000,920.000000,920.000000,920.000000
1554846944,21,920,247.327335,6,319.732898,39.000000,491.000000,920.000000,920.000000,920.000000,920.000000
1554846954,26,920,191.222247,6,291.773069,38.000000,134.000000,914.000000,920.000000,920.000000,920.000000
1554846964,30,920,163.043946,6,268.743870,34.000000,106.000000,914.000000,920.000000,920.000000,920.000000
