t,count,max,mean,min,stddev,p50,p75,p95,p98,p99,p999
1554846904,1,32,32.000000,32,0.000000,32.000000,32.000000,32.000000,32.000000,32.000000,32.000000
1554846914,4,80,36.733366,13,27.412444,32.000000,80.000000,80.000000,80.000000,80.000000,80.000000
1554846924,9,95,39.284283,13,26.697137,30.000000,32.000000,95.000000,95.000000,95.000000,95.000000
1554846934,14,95,31.664631,10,23.150438,27.000000,31.000000,95.000000,95.000000,95.000000,95.000000
1554846944,18,95,30.207429,7,25.194927,27.000000,31.000000,80.000000,95.000000,95.000000,95.000000
1554846954,22,700,68.449564,7,161.771774,26.000000,31.000000,700.000000,700.000000,700.000000,700.000000
1554846964,27,700,58.883603,7,140.396395,27.000000,32.000000,95.000000,700.000000,700.000000,700.000000
