t,count,max,mean,min,stddev,p50,p75,p95,p98,p99,p999
1554846904,95,188,39.894620,4,22.988970,33.000000,47.000000,79.000000,90.000000,188.000000,188.000000
1554846914,340,188,40.722943,1,19.358821,35.000000,50.000000,73.000000,84.000000,93.000000,188.000000
1554846924,615,188,38.541505,1,17.159999,34.000000,45.000000,67.000000,80.000000,86.000000,188.000000
1554846934,889,188,37.710775,1,15.957639,34.000000,43.000000,67.000000,78.000000,85.000000,95.000000
1554846944,1170,188,36.725011,1,14.760184,34.000000,42.000000,67.000000,77.000000,82.000000,93.000000
1554846954,1434,188,37.138076,1,15.846436,34.000000,44.000000,67.000000,78.000000,82.000000,100.000000
1554846964,1710,188,36.995148,1,16.933159,34.000000,44.000000,70.000000,82.000000,85.000000,132.000000
