t,count,max,mean,min,stddev,p50,p75,p95,p98,p99,p999
1554846904,79,181,48.120884,2,23.366689,40.000000,66.000000,71.000000,74.000000,181.000000,181.000000
1554846914,329,181,41.961009,1,19.536881,37.000000,52.000000,70.000000,80.000000,86.000000,181.000000
1554846924,569,181,41.731496,1,19.485531,37.000000,51.000000,75.000000,86.000000,98.000000,181.000000
1554846934,843,181,39.752266,1,18.137761,35.000000,47.000000,72.000000,84.000000,96.000000,112.000000
1554846944,1117,181,38.500366,1,16.782172,35.000000,44.000000,70.000000,81.000000,90.000000,112.000000
1554846954,1384,222,38.054702,1,18.076914,35.000000,45.000000,70.000000,83.000000,95.000000,222.000000
1554846964,1636,222,38.651571,1,20.066663,35.000000,46.000000,74.000000,88.000000,110.000000,222.000000
