t,count,max,mean,min,stddev,p50,p75,p95,p98,p99,p999
1554846904,88,146,43.596010,15,20.084838,34.000000,58.000000,76.000000,86.000000,146.000000,146.000000
1554846914,325,146,42.681942,1,18.708036,36.000000,56.000000,71.000000,83.000000,86.000000,146.000000
1554846924,606,146,38.992305,1,15.773483,34.000000,46.000000,67.000000,74.000000,83.000000,146.000000
1554846934,887,146,37.692567,1,14.821753,34.000000,43.000000,67.000000,72.000000,81.000000,96.000000
1554846944,1167,146,36.849305,1,13.569826,34.000000,41.000000,66.000000,69.000000,76.000000,96.000000
1554846954,1446,146,36.614504,1,13.933003,34.000000,42.000000,66.000000,71.000000,78.000000,90.000000
1554846964,1709,146,37.013984,1,14.822394,34.000000,44.000000,67.000000,75.000000,81.000000,93.000000
