t,count,max,mean,min,stddev,p50,p75,p95,p98,p99,p999
1554846914,67,157,42.615753,1,24.410564,37.000000,46.000000,87.000000,127.000000,157.000000,157.000000
1554846924,329,157,39.073491,1,18.416561,34.000000,42.000000,78.000000,92.000000,103.000000,157.000000
1554846934,597,179,38.174939,1,17.482988,34.000000,41.000000,71.000000,87.000000,102.000000,179.000000
1554846944,868,179,37.659778,1,16.727491,34.000000,41.000000,68.000000,82.000000,92.000000,179.000000
1554846954,1152,179,36.720152,1,15.990111,34.000000,41.000000,67.000000,80.000000,92.000000,172.000000
1554846964,1424,172,36.597164,1,16.576433,34.000000,42.000000,67.000000,81.000000,88.000000,172.000000
