t,count,max,mean,min,stddev,p50,p75,p95,p98,p99,p999
1554846904,85,169,45.134468,2,23.128491,34.000000,60.000000,81.000000,88.000000,169.000000,169.000000
1554846914,316,169,43.675729,1,21.519168,39.000000,59.000000,77.000000,88.000000,98.000000,169.000000
1554846924,583,169,40.518421,1,18.642421,36.000000,49.000000,75.000000,86.000000,92.000000,169.000000
1554846934,864,201,38.589753,1,17.379062,34.000000,44.000000,68.000000,83.000000,88.000000,201.000000
1554846944,1141,201,37.460436,1,16.201775,34.000000,43.000000,67.000000,77.000000,86.000000,169.000000
1554846954,1395,201,38.073991,1,16.244190,35.000000,44.000000,67.000000,79.000000,89.000000,128.000000
1554846964,1657,201,38.063137,1,16.982884,35.000000,45.000000,67.000000,78.000000,88.000000,198.000000
