t,count,max,mean,min,stddev,p50,p75,p95,p98,p99,p999
1554846904,2,60,43.760018,28,15.998200,28.000000,60.000000,60.000000,60.000000,60.000000,60.000000
1554846914,6,725,331.993374,10,310.497768,333.000000,724.000000,725.000000,725.000000,725.000000,725.000000
1554846924,11,725,211.699781,7,266.551181,35.000000,339.000000,725.000000,725.000000,725.000000,725.000000
1554846934,15,725,150.467476,3,238.694569,24.000000,333.000000,725.000000,725.000000,725.000000,725.000000
1554846944,20,725,179.113466,3,248.722133,28.000000,339.000000,724.000000,725.000000,725.000000,725.000000
1554846954,25,725,152.083872,3,226.768096,25.000000,333.000000,724.000000,725.000000,725.000000,725.000000
1554846964,29,929,175.438447,3,273.963099,29.000000,333.000000,929.000000,929.000000,929.000000,929.000000
