t,count,max,mean,min,stddev,p50,p75,p95,p98,p99,p999
1554846899,0,0,0.000000,0,0.000000,0.000000,0.000000,0.000000,0.000000,0.000000,0.000000
1554846909,0,0,0.000000,0,0.000000,0.000000,0.000000,0.000000,0.000000,0.000000,0.000000
1554846919,0,0,0.000000,0,0.000000,0.000000,0.000000,0.000000,0.000000,0.000000,0.000000
1554846929,3,152,128.415248,76,35.159645,152.000000,152.000000,152.000000,152.000000,152.000000,152.000000
1554846939,8,228,155.528776,76,54.135538,152.000000,228.000000,228.000000,228.000000,228.000000,228.000000
1554846949,9,228,164.489681,76,56.012474,152.000000,228.000000,228.000000,228.000000,228.000000,228.000000
1554846959,11,304,198.433274,76,77.183975,228.000000,228.000000,304.000000,304.000000,304.000000,304.000000
1554846969,16,304,229.059232,76,73.849565,228.000000,304.000000,304.000000,304.000000,304.000000,304.000000
