t,count,max,mean,min,stddev,p50,p75,p95,p98,p99,p999
1554846909,221,106,44.573281,4,18.912597,37.000000,66.000000,71.000000,87.000000,91.000000,106.000000
1554846919,467,128,42.495789,1,19.061753,37.000000,53.000000,74.000000,87.000000,97.000000,128.000000
1554846929,742,169,39.757241,1,18.185934,34.000000,46.000000,70.000000,87.000000,91.000000,169.000000
1554846939,1008,169,39.031547,1,17.092312,34.000000,44.000000,70.000000,83.000000,90.000000,169.000000
1554846949,1262,171,38.652656,1,17.034853,34.000000,43.000000,73.000000,83.000000,87.000000,171.000000
1554846959,1506,171,39.318362,1,17.765297,35.000000,46.000000,73.000000,83.000000,87.000000,171.000000
1554846969,1757,171,39.399936,1,17.865629,36.000000,48.000000,73.000000,83.000000,88.000000,169.000000
