t,count,max,mean,min,stddev,p50,p75,p95,p98,p99,p999
1554846909,2,16,15.485004,15,0.499775,15.000000,16.000000,16.000000,16.000000,16.000000,16.000000
1554846919,5,684,304.336174,15,329.329670,16.000000,675.000000,684.000000,684.000000,684.000000,684.000000
1554846929,10,684,174.819743,6,262.127753,22.000000,280.000000,684.000000,684.000000,684.000000,684.000000
1554846939,14,684,141.040753,6,225.445360,22.000000,236.000000,684.000000,684.000000,684.000000,684.000000
1554846949,18,684,163.805314,6,235.760733,26.000000,236.000000,675.000000,684.000000,684.000000,684.000000
1554846959,22,684,131.298335,6,212.468635,31.000000,216.000000,675.000000,684.000000,684.000000,684.000000
1554846969,26,684,105.921179,6,193.828325,20.000000,41.000000,675.000000,684.000000,684.000000,684.000000
