t,count,max,mean,min,stddev,p50,p75,p95,p98,p99,p999
1554846909,3,166,74.698866,24,68.035755,24.000000,166.000000,166.000000,166.000000,166.000000,166.000000
1554846919,8,180,67.924639,22,61.649436,31.000000,67.000000,180.000000,180.000000,180.000000,180.000000
1554846929,13,180,44.669732,11,53.445444,22.000000,31.000000,180.000000,180.000000,180.000000,180.000000
1554846939,17,180,46.092104,6,57.032524,18.000000,31.000000,166.000000,180.000000,180.000000,180.000000
1554846949,21,566,72.733706,6,132.890516,22.000000,35.000000,566.000000,566.000000,566.000000,566.000000
1554846959,25,566,60.468415,6,119.453229,20.000000,31.000000,180.000000,566.000000,566.000000,566.000000
1554846969,29,566,51.524053,6,107.631868,18.000000,29.000000,180.000000,566.000000,566.000000,566.000000
