t,count,max,mean,min,stddev,p50,p75,p95,p98,p99,p999
1554846899,2,17,13.955003,11,2.999663,11.000000,17.000000,17.000000,17.000000,17.000000,17.000000
1554846909,7,36,17.916948,10,9.569458,11.000000,27.000000,36.000000,36.000000,36.000000,36.000000
1554846919,11,44,17.916686,2,12.478726,12.000000,27.000000,44.000000,44.000000,44.000000,44.000000
1554846929,15,44,15.895635,2,11.346554,11.000000,23.000000,44.000000,44.000000,44.000000,44.000000
1554846939,20,44,18.467670,2,10.161917,22.000000,24.000000,36.000000,44.000000,44.000000,44.000000
1554846949,24,44,19.636227,2,10.307890,22.000000,26.000000,37.000000,44.000000,44.000000,44.000000
1554846959,29,617,45.055559,1,127.873844,13.000000,24.000000,44.000000,617.000000,617.000000,617.000000
1554846969,34,978,92.319513,1,228.281846,22.000000,28.000000,617.000000,978.000000,978.000000,978.000000
