t,count,max,mean,min,stddev,p50,p75,p95,p98,p99,p999
1554846919,3,122,56.829114,15,45.704448,38.000000,122.000000,122.000000,122.000000,122.000000,122.000000
1554846929,6,780,317.307990,14,353.237865,122.000000,764.000000,780.000000,780.000000,780.000000,780.000000
1554846939,11,780,205.721036,14,289.999167,38.000000,392.000000,780.000000,780.000000,780.000000,780.000000
1554846949,16,780,164.936707,14,247.812980,37.000000,122.000000,780.000000,780.000000,780.000000,780.000000
1554846959,20,780,193.160013,14,266.717022,37.000000,322.000000,764.000000,780.000000,780.000000,780.000000
1554846969,25,780,192.348235,14,270.454251,32.000000,322.000000,764.000000,780.000000,780.000000,780.000000
