t,count,max,mean,min,stddev,p50,p75,p95,p98,p99,p999
1554846909,1,9,9.000000,9,0.000000,9.000000,9.000000,9.000000,9.000000,9.000000,9.000000
1554846919,4,47,25.307341,9,13.935615,19.000000,47.000000,47.000000,47.000000,47.000000,47.000000
1554846929,8,710,247.169049,9,291.161467,47.000000,684.000000,710.000000,710.000000,710.000000,710.000000
1554846939,13,710,172.780054,9,245.054413,25.000000,295.000000,710.000000,710.000000,710.000000,710.000000
1554846949,17,710,201.608821,9,257.558894,43.000000,295.000000,710.000000,710.000000,710.000000,710.000000
1554846959,21,710,174.330503,9,235.065920,25.000000,294.000000,694.000000,710.000000,710.000000,710.000000
1554846969,26,710,134.239964,9,211.861593,24.000000,287.000000,694.000000,710.000000,710.000000,710.000000
