t,count,max,mean,min,stddev,p50,p75,p95,p98,p99,p999
1554846909,5,65,32.794987,20,17.369226,22.000000,33.000000,65.000000,65.000000,65.000000,65.000000
1554846919,8,245,87.974580,20,92.229324,33.000000,229.000000,245.000000,245.000000,245.000000,245.000000
1554846929,13,245,58.658443,9,76.836887,25.000000,33.000000,245.000000,245.000000,245.000000,245.000000
1554846939,17,245,66.142818,9,79.431384,27.000000,43.000000,245.000000,245.000000,245.000000,245.000000
1554846949,22,842,146.056504,9,243.824389,30.000000,221.000000,842.000000,842.000000,842.000000,842.000000
1554846959,27,842,115.816712,9,216.238355,27.000000,49.000000,666.000000,842.000000,842.000000,842.000000
1554846969,31,842,117.821866,9,209.414819,30.000000,49.000000,666.000000,842.000000,842.000000,842.000000
