t,count,max,mean,min,stddev,p50,p75,p95,p98,p99,p999
1554846909,110,105,43.901179,1,19.920847,42.000000,62.000000,72.000000,83.000000,96.000000,105.000000
1554846919,337,129,43.847732,1,19.768756,38.000000,55.000000,80.000000,93.000000,103.000000,129.000000
1554846929,598,187,41.236061,1,19.646628,36.000000,49.000000,79.000000,93.000000,104.000000,187.000000
1554846939,888,187,38.633167,1,17.722320,34.000000,44.000000,70.000000,84.000000,102.000000,187.000000
1554846949,1164,187,37.579472,1,17.517754,34.000000,42.000000,69.000000,84.000000,102.000000,147.000000
1554846959,1406,187,38.777092,1,18.009051,35.000000,46.000000,70.000000,83.000000,102.000000,158.000000
1554846969,1666,158,38.862921,1,17.676748,36.000000,46.000000,70.000000,83.000000,95.000000,158.000000
