t,count,max,mean,min,stddev,p50,p75,p95,p98,p99,p999
1554846909,242,102,40.409779,1,18.095968,34.000000,51.000000,69.000000,83.000000,98.000000,102.000000
1554846919,465,134,42.814528,1,19.608316,36.000000,54.000000,77.000000,90.000000,99.000000,134.000000
1554846929,742,173,39.906920,1,18.507898,35.000000,46.000000,72.000000,87.000000,99.000000,173.000000
1554846939,1018,173,38.573843,1,17.351418,34.000000,43.000000,69.000000,83.000000,98.000000,173.000000
1554846949,1266,173,38.746480,1,18.528241,34.000000,44.000000,72.000000,83.000000,102.000000,160.000000
1554846959,1537,183,37.727425,1,18.842650,34.000000,43.000000,70.000000,81.000000,105.000000,183.000000
1554846969,1806,183,37.877128,1,18.745677,35.000000,45.000000,71.000000,83.000000,93.000000,183.000000
