t,count,max,mean,min,stddev,p50,p75,p95,p98,p99,p999
1554846909,5,232,66.368405,10,84.820368,33.000000,33.000000,232.000000,232.000000,232.000000,232.000000
1554846919,9,841,301.469641,9,339.463060,33.000000,464.000000,841.000000,841.000000,841.000000,841.000000
1554846929,14,841,225.580448,9,295.728246,34.000000,439.000000,841.000000,841.000000,841.000000,841.000000
1554846939,18,841,170.316454,3,267.759225,33.000000,232.000000,841.000000,841.000000,841.000000,841.000000
1554846949,23,841,194.386370,3,284.242766,33.000000,429.000000,826.000000,841.000000,841.000000,841.000000
1554846959,28,841,172.268384,2,263.342027,33.000000,232.000000,826.000000,841.000000,841.000000,841.000000
1554846969,32,841,143.400098,2,244.705609,27.000000,53.000000,822.000000,841.000000,841.000000,841.000000
