t,count,max,mean,min,stddev,p50,p75,p95,p98,p99,p999
1554846899,0,0,0.000000,0,0.000000,0.000000,0.000000,0.000000,0.000000,0.000000,0.000000
1554846909,1,467,467.000000,467,0.000000,467.000000,467.000000,467.000000,467.000000,467.000000,467.000000
1554846919,2,467,225.089526,4,231.265804,4.000000,467.000000,467.000000,467.000000,467.000000,467.000000
1554846929,3,467,238.399858,4,182.700733,260.000000,467.000000,467.000000,467.000000,467.000000,467.000000
1554846939,3,467,238.399858,4,182.700733,260.000000,467.000000,467.000000,467.000000,467.000000,467.000000
1554846949,3,467,238.399858,4,182.700733,260.000000,467.000000,467.000000,467.000000,467.000000,467.000000
1554846959,3,467,238.399858,4,182.700733,260.000000,467.000000,467.000000,467.000000,467.000000,467.000000
1554846969,3,467,238.399858,4,182.700733,260.000000,467.000000,467.000000,467.000000,467.000000,467.000000
