t,count,max,mean,min,stddev,p50,p75,p95,p98,p99,p999
1552572404,0,0,0.000000,0,0.000000,0.000000,0.000000,0.000000,0.000000,0.000000,0.000000
1552572414,0,0,0.000000,0,0.000000,0.000000,0.000000,0.000000,0.000000,0.000000,0.000000
1552572424,5,816,718.872966,516,110.422715,757.000000,815.000000,816.000000,816.000000,816.000000,816.000000
1552572434,14,982,632.787287,199,191.992010,553.000000,815.000000,982.000000,982.000000,982.000000,982.000000
1552572444,17,982,615.967570,199,179.183939,572.000000,757.000000,982.000000,982.000000,982.000000,982.000000
1552572454,23,983,596.899583,199,198.156381,533.000000,699.000000,983.000000,983.000000,983.000000,983.000000
1552572464,26,983,590.604378,181,211.589256,553.000000,757.000000,982.000000,983.000000,983.000000,983.000000
1552572474,30,983,573.697958,181,211.582152,532.000000,757.000000,982.000000,983.000000,983.000000,983.000000
