t,count,max,mean,min,stddev,p50,p75,p95,p98,p99,p999
1554847756,1,275,275.000000,275,0.000000,275.000000,275.000000,275.000000,275.000000,275.000000,275.000000
1554847766,6,1389,571.287197,0,601.687748,275.000000,1356.000000,1389.000000,1389.000000,1389.000000,1389.000000
1554847776,11,1389,528.162301,0,516.235467,275.000000,1311.000000,1389.000000,1389.000000,1389.000000,1389.000000
1554847786,16,1389,465.062814,0,433.421852,274.000000,441.000000,1389.000000,1389.000000,1389.000000,1389.000000
1554847796,21,1645,571.322268,0,515.007261,278.000000,685.000000,1645.000000,1645.000000,1645.000000,1645.000000
1554847806,26,1645,463.841889,0,482.574184,274.000000,658.000000,1389.000000,1645.000000,1645.000000,1645.000000
1554847816,31,1645,463.922363,0,453.073824,275.000000,503.000000,1389.000000,1645.000000,1645.000000,1645.000000
1554847826,36,1645,447.788412,0,433.918998,274.000000,503.000000,1356.000000,1645.000000,1645.000000,1645.000000
1554847836,41,1645,404.474720,0,399.505324,267.000000,344.000000,1356.000000,1645.000000,1645.000000,1645.000000
1554847846,46,1645,454.589375,0,419.052265,275.000000,503.000000,1406.000000,1406.000000,1645.000000,1645.000000
1554847856,62,1645,321.981137,0,386.071982,243.000000,364.000000,1356.000000,1406.000000,1645.000000,1645.000000
1554847866,67,1645,386.730270,0,445.864533,267.000000,503.000000,1406.000000,1619.000000,1619.000000,1645.000000
1554847876,72,1645,434.504735,0,464.043765,270.000000,571.000000,1389.000000,1619.000000,1619.000000,1645.000000
1554847886,77,1645,401.688908,0,442.803347,268.000000,470.000000,1367.000000,1619.000000,1619.000000,1645.000000
1554847896,82,1645,412.793322,0,446.011182,268.000000,465.000000,1376.000000,1619.000000,1619.000000,1645.000000
1554847906,87,1645,481.968524,0,479.105826,278.000000,658.000000,1376.000000,1406.000000,1619.000000,1645.000000
1554847916,92,1645,513.632995,0,467.178538,327.000000,721.000000,1369.000000,1406.000000,1619.000000,1645.000000
1554847926,97,1645,504.534398,0,443.274734,364.000000,721.000000,1369.000000,1406.000000,1619.000000,1645.000000
1554847936,102,1645,513.181043,0,436.744908,378.000000,721.000000,1369.000000,1389.000000,1619.000000,1645.000000
