t,count,max,mean,min,stddev,p50,p75,p95,p98,p99,p999
1554847746,3,36,17.957307,7,12.859271,11.000000,36.000000,36.000000,36.000000,36.000000,36.000000
1554847756,8,61,35.425070,7,16.228045,40.000000,44.000000,61.000000,61.000000,61.000000,61.000000
1554847766,13,61,33.029385,7,13.606528,36.000000,40.000000,61.000000,61.000000,61.000000,61.000000
1554847776,18,61,32.780947,7,11.746328,36.000000,37.000000,44.000000,61.000000,61.000000,61.000000
1554847786,23,125,42.361675,7,24.720131,36.000000,57.000000,125.000000,125.000000,125.000000,125.000000
1554847796,28,125,38.518524,7,23.369672,36.000000,44.000000,66.000000,125.000000,125.000000,125.000000
1554847806,33,125,38.928465,7,21.363025,36.000000,46.000000,66.000000,125.000000,125.000000,125.000000
1554847816,38,125,37.265912,7,20.089225,35.000000,44.000000,66.000000,125.000000,125.000000,125.000000
1554847826,43,125,36.308351,7,19.247819,34.000000,46.000000,63.000000,125.000000,125.000000,125.000000
1554847836,48,125,32.952075,7,19.633968,33.000000,42.000000,63.000000,66.000000,125.000000,125.000000
1554847846,53,125,33.821718,7,20.716688,34.000000,44.000000,74.000000,74.000000,125.000000,125.000000
1554847856,58,125,32.521778,7,19.416751,33.000000,43.000000,66.000000,74.000000,125.000000,125.000000
1554847866,63,125,33.160136,7,21.056841,31.000000,43.000000,74.000000,87.000000,87.000000,125.000000
1554847876,68,125,30.513303,7,20.421188,30.000000,40.000000,74.000000,87.000000,87.000000,125.000000
1554847886,73,125,28.580721,7,19.581810,29.000000,37.000000,74.000000,87.000000,87.000000,125.000000
1554847896,78,125,27.940172,7,18.487910,27.000000,36.000000,63.000000,87.000000,87.000000,125.000000
1554847906,83,125,26.077614,7,17.842412,25.000000,34.000000,60.000000,87.000000,87.000000,125.000000
1554847916,88,125,26.798089,7,17.147610,26.000000,34.000000,57.000000,74.000000,87.000000,125.000000
1554847926,93,125,27.349848,7,17.038782,24.000000,36.000000,50.000000,74.000000,87.000000,125.000000
1554847936,98,125,28.032365,7,17.547313,25.000000,37.000000,62.000000,74.000000,87.000000,125.000000
