t,count,max,mean,min,stddev,p50,p75,p95,p98,p99,p999
1552758612,37,133,11.279966,0,25.967169,0.000000,11.000000,78.000000,133.000000,133.000000,133.000000
1552758622,141,861,12.516281,0,75.240326,0.000000,0.000000,33.000000,78.000000,133.000000,861.000000
