t,count,mean_rate,m1_rate,m5_rate,m15_rate,rate_unit
1552758612,46,28.689523,0.000000,0.000000,0.000000,events/second
1552758622,329,28.311985,28.752027,28.790083,28.796676,events/second
