t,count,max,mean,min,stddev,p50,p75,p95,p98,p99,p999
1552758612,39,84,45.164774,27,15.682208,35.000000,59.000000,73.000000,84.000000,84.000000,84.000000
1552758622,143,84,41.510207,16,14.746003,34.000000,50.000000,68.000000,83.000000,83.000000,84.000000
