t,count,max,mean,min,stddev,p50,p75,p95,p98,p99,p999
1554846900,14,39,2.785714,0,10.044036,0.000000,0.000000,39.000000,39.000000,39.000000,39.000000
1554846910,248,58,4.153768,0,9.675421,0.000000,0.000000,25.000000,39.000000,45.000000,58.000000
1554846920,515,58,4.507326,0,9.456799,0.000000,11.000000,25.000000,39.000000,44.000000,58.000000
1554846930,789,126,4.395824,0,11.266592,0.000000,0.000000,22.000000,40.000000,45.000000,126.000000
1554846940,1072,126,4.753810,0,12.319646,0.000000,0.000000,25.000000,40.000000,44.000000,126.000000
1554846950,1343,211,5.485020,0,14.874002,0.000000,11.000000,25.000000,44.000000,64.000000,211.000000
1554846960,1598,211,5.265726,0,14.577848,0.000000,11.000000,25.000000,44.000000,71.000000,211.000000
1554846970,1842,126,5.099830,0,12.383674,0.000000,11.000000,25.000000,44.000000,56.000000,122.000000
