t,count,max,mean,min,stddev,p50,p75,p95,p98,p99,p999
1554846900,1,18,18.000000,18,0.000000,18.000000,18.000000,18.000000,18.000000,18.000000,18.000000
1554846910,5,625,151.011559,18,237.099296,40.000000,48.000000,625.000000,625.000000,625.000000,625.000000
1554846920,9,625,138.400711,18,186.163576,40.000000,236.000000,625.000000,625.000000,625.000000,625.000000
1554846930,14,625,91.954297,2,153.703405,24.000000,71.000000,625.000000,625.000000,625.000000,625.000000
1554846940,18,625,72.638850,2,134.328465,24.000000,40.000000,242.000000,625.000000,625.000000,625.000000
1554846950,22,625,60.865776,2,118.835203,20.000000,40.000000,242.000000,625.000000,625.000000,625.000000
1554846960,27,625,48.872426,2,104.210321,18.000000,34.000000,242.000000,625.000000,625.000000,625.000000
1554846970,31,625,64.774286,2,126.294759,18.000000,40.000000,434.000000,434.000000,625.000000,625.000000
