t,count,max,mean,min,stddev,p50,p75,p95,p98,p99,p999
1554846900,3,818,288.687270,19,374.218683,29.000000,818.000000,818.000000,818.000000,818.000000,818.000000
1554846910,6,818,295.390890,19,285.437720,416.000000,419.000000,818.000000,818.000000,818.000000,818.000000
1554846920,11,818,156.344776,11,243.494823,29.000000,416.000000,818.000000,818.000000,818.000000,818.000000
1554846930,15,818,113.518242,10,211.010843,28.000000,30.000000,818.000000,818.000000,818.000000,818.000000
1554846940,19,818,113.319542,8,200.061501,25.000000,30.000000,419.000000,818.000000,818.000000,818.000000
1554846950,24,818,88.865841,3,174.122914,25.000000,30.000000,419.000000,818.000000,818.000000,818.000000
1554846960,29,818,100.586739,3,190.662691,20.000000,30.000000,576.000000,818.000000,818.000000,818.000000
1554846970,34,818,82.040526,3,171.235104,19.000000,29.000000,576.000000,576.000000,818.000000,818.000000
