t,count,max,mean,min,stddev,p50,p75,p95,p98,p99,p999
1554846910,4,46,18.505748,5,16.959679,16.000000,46.000000,46.000000,46.000000,46.000000,46.000000
1554846920,7,46,15.592767,5,13.734654,8.000000,22.000000,46.000000,46.000000,46.000000,46.000000
1554846930,12,500,68.402605,5,144.958958,21.000000,35.000000,500.000000,500.000000,500.000000,500.000000
1554846940,16,500,48.876794,2,124.604468,8.000000,32.000000,500.000000,500.000000,500.000000,500.000000
1554846950,22,921,117.151312,2,241.141332,15.000000,35.000000,921.000000,921.000000,921.000000,921.000000
1554846960,27,921,114.641819,2,229.515785,15.000000,35.000000,509.000000,921.000000,921.000000,921.000000
1554846970,31,921,101.122992,2,208.960314,19.000000,35.000000,509.000000,921.000000,921.000000,921.000000
