t,count,max,mean,min,stddev,p50,p75,p95,p98,p99,p999
1554846920,226,127,38.754627,3,17.730572,34.000000,41.000000,73.000000,93.000000,99.000000,127.000000
1554846930,487,180,38.734558,3,17.907665,34.000000,41.000000,72.000000,86.000000,94.000000,180.000000
1554846940,776,180,37.067007,2,15.675673,34.000000,40.000000,67.000000,82.000000,87.000000,180.000000
1554846950,1042,180,37.197027,1,16.368479,34.000000,41.000000,67.000000,82.000000,90.000000,174.000000
1554846960,1313,195,37.078587,1,16.639398,34.000000,42.000000,66.000000,81.000000,89.000000,195.000000
1554846970,1572,195,38.014851,1,18.157546,35.000000,44.000000,70.000000,83.000000,90.000000,195.000000
