t,count,max,mean,min,stddev,p50,p75,p95,p98,p99,p999
1554846910,252,98,39.149668,2,15.717010,34.000000,48.000000,67.000000,83.000000,85.000000,98.000000
1554846920,516,117,38.142143,1,15.582449,34.000000,45.000000,67.000000,77.000000,85.000000,117.000000
1554846930,811,117,36.545353,1,13.778191,34.000000,42.000000,66.000000,69.000000,84.000000,117.000000
1554846940,1098,117,35.875633,1,12.998817,34.000000,41.000000,63.000000,68.000000,84.000000,96.000000
1554846950,1361,117,36.383272,1,13.068004,34.000000,42.000000,64.000000,74.000000,79.000000,96.000000
1554846960,1615,117,37.170138,1,14.109862,35.000000,44.000000,65.000000,76.000000,85.000000,94.000000
1554846970,1858,117,38.506475,1,15.184134,36.000000,47.000000,67.000000,81.000000,86.000000,104.000000
