t,count,max,mean,min,stddev,p50,p75,p95,p98,p99,p999
1554846910,0,0,0.000000,0,0.000000,0.000000,0.000000,0.000000,0.000000,0.000000,0.000000
1554846920,0,0,0.000000,0,0.000000,0.000000,0.000000,0.000000,0.000000,0.000000,0.000000
1554846930,1,646,646.000000,646,0.000000,646.000000,646.000000,646.000000,646.000000,646.000000,646.000000
1554846940,1,646,646.000000,646,0.000000,646.000000,646.000000,646.000000,646.000000,646.000000,646.000000
1554846950,2,646,288.696971,20,309.848740,20.000000,646.000000,646.000000,646.000000,646.000000,646.000000
1554846960,2,646,288.696971,20,309.848740,20.000000,646.000000,646.000000,646.000000,646.000000,646.000000
1554846970,2,646,288.696971,20,309.848740,20.000000,646.000000,646.000000,646.000000,646.000000,646.000000
