t,count,max,mean,min,stddev,p50,p75,p95,p98,p99,p999
1554846910,86,108,44.943827,5,21.569166,42.000000,58.000000,86.000000,105.000000,108.000000,108.000000
1554846920,354,108,38.830326,2,17.704630,35.000000,45.000000,71.000000,89.000000,103.000000,108.000000
1554846930,627,108,37.835716,1,16.140058,34.000000,43.000000,70.000000,85.000000,89.000000,108.000000
1554846940,912,108,36.847253,1,15.373664,34.000000,43.000000,67.000000,80.000000,89.000000,107.000000
1554846950,1188,108,36.169208,1,14.974073,34.000000,43.000000,65.000000,78.000000,84.000000,103.000000
1554846960,1457,108,36.736995,1,15.809803,35.000000,44.000000,67.000000,80.000000,87.000000,103.000000
1554846970,1711,112,37.379295,1,16.979500,36.000000,45.000000,70.000000,84.000000,88.000000,112.000000
