t,count,max,mean,min,stddev,p50,p75,p95,p98,p99,p999
1554846900,166,83,40.881103,6,15.637347,34.000000,50.000000,67.000000,68.000000,69.000000,83.000000
1554846910,394,104,42.743185,2,18.066623,35.000000,60.000000,69.000000,83.000000,89.000000,104.000000
1554846920,641,113,41.695127,2,18.384789,35.000000,52.000000,70.000000,83.000000,92.000000,113.000000
1554846930,914,113,39.940689,2,17.565809,34.000000,48.000000,69.000000,83.000000,92.000000,113.000000
1554846940,1196,113,38.126616,2,15.744216,34.000000,44.000000,67.000000,78.000000,84.000000,110.000000
1554846950,1459,113,37.580721,2,16.375347,34.000000,44.000000,68.000000,78.000000,84.000000,110.000000
1554846960,1717,200,37.485576,1,18.080777,35.000000,45.000000,68.000000,80.000000,86.000000,200.000000
1554846970,1955,200,38.433932,1,21.306376,35.000000,46.000000,78.000000,91.000000,121.000000,200.000000
