t,count,max,mean,min,stddev,p50,p75,p95,p98,p99,p999
1554846900,0,0,0.000000,0,0.000000,0.000000,0.000000,0.000000,0.000000,0.000000,0.000000
1554846910,0,0,0.000000,0,0.000000,0.000000,0.000000,0.000000,0.000000,0.000000,0.000000
1554846920,0,0,0.000000,0,0.000000,0.000000,0.000000,0.000000,0.000000,0.000000,0.000000
1554846930,1,638,638.000000,638,0.000000,638.000000,638.000000,638.000000,638.000000,638.000000,638.000000
1554846940,2,638,624.744610,614,11.934153,614.000000,638.000000,638.000000,638.000000,638.000000,638.000000
1554846950,2,638,624.744610,614,11.934153,614.000000,638.000000,638.000000,638.000000,638.000000,638.000000
1554846960,2,638,624.744610,614,11.934153,614.000000,638.000000,638.000000,638.000000,638.000000,638.000000
1554846970,3,816,709.959280,614,95.473511,638.000000,816.000000,816.000000,816.000000,816.000000,816.000000
