t,count,max,mean,min,stddev,p50,p75,p95,p98,p99,p999
1554846910,4,60,41.867837,8,20.341378,55.000000,60.000000,60.000000,60.000000,60.000000,60.000000
1554846920,8,546,174.390418,8,212.111740,60.000000,506.000000,546.000000,546.000000,546.000000,546.000000
1554846930,13,546,114.047375,8,174.700742,43.000000,102.000000,546.000000,546.000000,546.000000,546.000000
1554846940,17,546,128.136912,8,182.966998,43.000000,102.000000,546.000000,546.000000,546.000000,546.000000
1554846950,21,546,100.972419,8,165.164557,31.000000,64.000000,506.000000,546.000000,546.000000,546.000000
1554846960,26,546,79.873955,8,145.359121,28.000000,55.000000,506.000000,546.000000,546.000000,546.000000
1554846970,30,782,105.549418,8,203.668331,25.000000,55.000000,782.000000,782.000000,782.000000,782.000000
