t,count,max,mean,min,stddev,p50,p75,p95,p98,p99,p999
1554846920,4,912,241.750540,20,382.990766,23.000000,26.000000,912.000000,912.000000,912.000000,912.000000
1554846930,8,912,261.352091,6,309.992303,109.000000,505.000000,912.000000,912.000000,912.000000,912.000000
1554846940,13,912,165.243331,6,257.060779,36.000000,109.000000,912.000000,912.000000,912.000000,912.000000
1554846950,16,912,169.642479,6,248.399852,36.000000,109.000000,520.000000,912.000000,912.000000,912.000000
1554846960,20,912,192.507682,6,287.783250,36.000000,109.000000,890.000000,912.000000,912.000000,912.000000
1554846970,25,912,144.415059,3,256.271569,31.000000,77.000000,890.000000,912.000000,912.000000,912.000000
