t,count,max,mean,min,stddev,p50,p75,p95,p98,p99,p999
1554846900,0,0,0.000000,0,0.000000,0.000000,0.000000,0.000000,0.000000,0.000000,0.000000
1554846910,0,0,0.000000,0,0.000000,0.000000,0.000000,0.000000,0.000000,0.000000,0.000000
1554846920,1,534,534.000000,534,0.000000,534.000000,534.000000,534.000000,534.000000,534.000000,534.000000
1554846930,1,534,534.000000,534,0.000000,534.000000,534.000000,534.000000,534.000000,534.000000,534.000000
1554846940,2,534,410.050507,314,109.111923,314.000000,534.000000,534.000000,534.000000,534.000000,534.000000
1554846950,3,933,624.486618,314,270.518007,534.000000,933.000000,933.000000,933.000000,933.000000,933.000000
1554846960,3,933,624.486618,314,270.518007,534.000000,933.000000,933.000000,933.000000,933.000000,933.000000
1554846970,3,933,624.486618,314,270.518007,534.000000,933.000000,933.000000,933.000000,933.000000,933.000000
