t,count,max,mean,min,stddev,p50,p75,p95,p98,p99,p999
1552484174,24,712,75.720224,0,181.709969,0.000000,11.000000,517.000000,712.000000,712.000000,712.000000
1552484184,185,1442,26.455958,0,158.285247,0.000000,0.000000,16.000000,517.000000,1238.000000,1442.000000
1552484194,330,1442,17.279895,0,120.804984,0.000000,0.000000,11.000000,256.000000,700.000000,1442.000000
1552484204,437,1442,17.865423,0,116.132489,0.000000,0.000000,16.000000,260.000000,700.000000,1442.000000
1552484214,533,1460,20.506023,0,129.770773,0.000000,0.000000,22.000000,320.000000,700.000000,1460.000000
1552484224,669,1460,17.395136,0,115.329145,0.000000,0.000000,16.000000,299.000000,600.000000,1460.000000
1552484234,868,1460,13.972893,0,100.229161,0.000000,0.000000,16.000000,189.000000,517.000000,1460.000000
1552484244,1056,1460,14.000907,0,98.547723,0.000000,0.000000,16.000000,222.000000,600.000000,1442.000000
1552484254,1221,1567,12.706213,0,97.023899,0.000000,0.000000,16.000000,47.000000,480.000000,1567.000000
1552484264,1458,2692,14.874321,0,131.796441,0.000000,0.000000,16.000000,47.000000,480.000000,2692.000000
