t,count,max,mean,min,stddev,p50,p75,p95,p98,p99,p999
1552484174,79,896,37.547315,0,150.679975,0.000000,0.000000,370.000000,736.000000,896.000000,896.000000
1552484184,350,896,12.429499,0,85.279977,0.000000,0.000000,11.000000,189.000000,645.000000,896.000000
1552484194,504,896,12.351943,0,83.847162,0.000000,0.000000,11.000000,189.000000,626.000000,896.000000
1552484204,649,1427,15.907798,0,105.339388,0.000000,0.000000,11.000000,289.000000,667.000000,1427.000000
1552484214,678,1427,16.907878,0,109.838023,0.000000,0.000000,11.000000,289.000000,704.000000,1427.000000
1552484224,678,1427,16.907878,0,109.838023,0.000000,0.000000,11.000000,289.000000,704.000000,1427.000000
1552484234,678,1427,16.907878,0,109.838023,0.000000,0.000000,11.000000,289.000000,704.000000,1427.000000
1552484244,808,4301,26.886719,0,234.976042,0.000000,0.000000,11.000000,370.000000,793.000000,4301.000000
1552484254,1038,4301,21.400809,0,193.335273,0.000000,0.000000,16.000000,211.000000,711.000000,4301.000000
1552484264,1268,4301,18.569704,0,183.317407,0.000000,0.000000,11.000000,56.000000,661.000000,4301.000000
