t,count,max,mean,min,stddev,p50,p75,p95,p98,p99,p999
1552428024,188,2150,15.840652,0,157.874432,0.000000,0.000000,16.000000,89.000000,200.000000,2150.000000
1552428054,1535,70,1.238444,0,4.445755,0.000000,0.000000,11.000000,16.000000,22.000000,31.000000
1552428084,2863,252,1.501005,0,9.860460,0.000000,0.000000,11.000000,16.000000,22.000000,252.000000
1552428114,3911,931,2.436331,0,35.746221,0.000000,0.000000,11.000000,11.000000,22.000000,931.000000
1552428144,4852,100,1.744641,0,6.152600,0.000000,0.000000,11.000000,16.000000,22.000000,100.000000
1552428174,5889,801,3.476477,0,35.014439,0.000000,0.000000,11.000000,16.000000,31.000000,801.000000
1552428204,6678,2729,12.236832,0,127.935932,0.000000,0.000000,16.000000,33.000000,244.000000,2729.000000
