t,count,max,mean,min,stddev,p50,p75,p95,p98,p99,p999
1552484174,206,83,27.574675,7,13.389163,25.000000,33.000000,50.000000,66.000000,67.000000,83.000000
1552484184,386,83,27.184850,7,12.600670,25.000000,33.000000,50.000000,66.000000,67.000000,83.000000
1552484194,637,83,25.961003,7,12.153269,17.000000,33.000000,50.000000,52.000000,67.000000,83.000000
1552484204,944,83,25.075426,7,12.038801,17.000000,33.000000,50.000000,51.000000,67.000000,68.000000
1552484214,1157,83,25.732087,7,12.504740,17.000000,33.000000,50.000000,52.000000,67.000000,68.000000
1552484224,1346,68,25.159637,12,11.886347,17.000000,33.000000,50.000000,50.000000,67.000000,67.000000
1552484234,1520,68,25.061017,14,11.967338,17.000000,33.000000,50.000000,50.000000,66.000000,67.000000
1552484244,1578,67,25.313070,14,12.196367,17.000000,33.000000,50.000000,50.000000,66.000000,67.000000
1552484254,1838,68,25.788949,14,12.437122,17.000000,33.000000,50.000000,51.000000,66.000000,68.000000
1552484264,2113,83,25.590399,14,12.574230,17.000000,33.000000,50.000000,51.000000,67.000000,83.000000
