t,count,max,mean,min,stddev,p50,p75,p95,p98,p99,p999
1552428024,7,800,377.861099,53,291.472577,199.000000,774.000000,800.000000,800.000000,800.000000,800.000000
1552428054,31,983,553.998105,53,253.553701,533.000000,783.000000,966.000000,983.000000,983.000000,983.000000
1552428084,48,999,545.790354,16,242.650514,517.000000,683.000000,983.000000,999.000000,999.000000,999.000000
1552428114,64,999,527.510239,16,226.244483,517.000000,666.000000,882.000000,983.000000,999.000000,999.000000
1552428144,64,999,527.510239,16,226.244483,517.000000,666.000000,882.000000,983.000000,999.000000,999.000000
1552428174,64,999,527.510239,16,226.244483,517.000000,666.000000,882.000000,983.000000,999.000000,999.000000
1552428204,64,999,527.510239,16,226.244483,517.000000,666.000000,882.000000,983.000000,999.000000,999.000000
