t,count,max,mean,min,stddev,p50,p75,p95,p98,p99,p999
1552428024,196,18,8.803019,1,4.536217,8.000000,13.000000,16.000000,17.000000,17.000000,18.000000
1552428054,888,66,12.212539,1,10.974944,11.000000,14.000000,37.000000,58.000000,62.000000,66.000000
1552428084,2317,73,12.963198,1,10.607006,11.000000,15.000000,35.000000,49.000000,60.000000,73.000000
1552428114,3764,223,18.035785,1,25.984586,12.000000,17.000000,60.000000,120.000000,160.000000,223.000000
1552428144,4910,223,14.418971,1,19.560079,11.000000,16.000000,36.000000,77.000000,112.000000,206.000000
1552428174,5581,223,12.152725,1,15.072439,10.000000,14.000000,23.000000,44.000000,78.000000,206.000000
1552428204,6288,223,10.869996,1,12.048801,10.000000,14.000000,17.000000,23.000000,42.000000,179.000000
