t,count,max,mean,min,stddev,p50,p75,p95,p98,p99,p999
1552428024,7,275,39.403505,0,92.409114,1.000000,17.000000,275.000000,275.000000,275.000000,275.000000
1552428054,32,275,9.380819,0,41.135110,1.000000,4.000000,10.000000,275.000000,275.000000,275.000000
1552428084,49,275,6.067302,0,30.173474,1.000000,2.000000,10.000000,17.000000,275.000000,275.000000
1552428114,65,275,4.449953,0,22.975673,1.000000,2.000000,10.000000,10.000000,17.000000,275.000000
1552428144,65,275,4.449953,0,22.975673,1.000000,2.000000,10.000000,10.000000,17.000000,275.000000
1552428174,65,275,4.449953,0,22.975673,1.000000,2.000000,10.000000,10.000000,17.000000,275.000000
1552428204,65,275,4.449953,0,22.975673,1.000000,2.000000,10.000000,10.000000,17.000000,275.000000
