t,count,max,mean,min,stddev,p50,p75,p95,p98,p99,p999
1552428024,329,739,5.927292,0,56.589442,0.000000,0.000000,11.000000,22.000000,31.000000,739.000000
1552428054,1369,876,4.165442,0,44.578659,0.000000,0.000000,11.000000,22.000000,33.000000,876.000000
1552428084,2728,876,2.886842,0,34.242538,0.000000,0.000000,11.000000,16.000000,31.000000,778.000000
1552428114,4124,876,1.812423,0,21.666092,0.000000,0.000000,11.000000,11.000000,16.000000,90.000000
1552428144,5285,167,2.612217,0,9.478289,0.000000,0.000000,11.000000,22.000000,35.000000,167.000000
1552428174,5733,2089,9.629119,0,116.592834,0.000000,0.000000,11.000000,25.000000,35.000000,2089.000000
1552428204,6103,2126,11.183585,0,117.806192,0.000000,0.000000,11.000000,31.000000,89.000000,2126.000000
