t,count,mean_rate,m1_rate,m5_rate,m15_rate,rate_unit
1552427994,0,0.000000,0.000000,0.000000,0.000000,events/second
1552428024,447,7.481415,3.789895,0.783453,0.262603,events/second
1552428054,2013,22.430859,22.578631,5.575020,1.928174,events/second
1552428084,3590,29.980535,34.115700,10.001568,3.573636,events/second
1552428114,5130,34.259866,41.028736,13.987062,5.158498,events/second
1552428144,6751,37.559104,46.090935,17.739271,6.738032,events/second
1552428174,8298,39.563806,48.554898,21.051788,8.240998,events/second
1552428204,9822,40.969977,49.678306,23.922227,9.648800,events/second
