t,count,max,mean,min,stddev,p50,p75,p95,p98,p99,p999
1552428024,8,2,1.355902,1,0.478786,1.000000,2.000000,2.000000,2.000000,2.000000,2.000000
1552428054,33,2,1.155550,0,0.430329,1.000000,1.000000,2.000000,2.000000,2.000000,2.000000
1552428084,50,2,1.059248,0,0.364012,1.000000,1.000000,2.000000,2.000000,2.000000,2.000000
1552428114,66,2,1.033172,0,0.370548,1.000000,1.000000,2.000000,2.000000,2.000000,2.000000
1552428144,66,2,1.033172,0,0.370548,1.000000,1.000000,2.000000,2.000000,2.000000,2.000000
1552428174,66,2,1.033172,0,0.370548,1.000000,1.000000,2.000000,2.000000,2.000000,2.000000
1552428204,66,2,1.033172,0,0.370548,1.000000,1.000000,2.000000,2.000000,2.000000,2.000000
