t,count,max,mean,min,stddev,p50,p75,p95,p98,p99,p999
1552428024,342,146,13.472974,1,18.154686,10.000000,15.000000,30.000000,87.000000,116.000000,146.000000
1552428054,1445,269,23.531971,1,40.390297,12.000000,16.000000,115.000000,191.000000,221.000000,269.000000
1552428084,2880,251,17.326316,1,27.845860,11.000000,16.000000,67.000000,119.000000,166.000000,237.000000
1552428114,4328,224,15.304590,1,23.587384,11.000000,15.000000,46.000000,99.000000,147.000000,220.000000
1552428144,5552,282,20.099388,1,37.780515,10.000000,15.000000,100.000000,173.000000,227.000000,282.000000
1552428174,6001,282,17.484104,1,33.487317,10.000000,15.000000,70.000000,141.000000,211.000000,282.000000
1552428204,6370,282,14.774928,1,27.731946,10.000000,14.000000,27.000000,120.000000,180.000000,264.000000
