t,count,max,mean,min,stddev,p50,p75,p95,p98,p99,p999
1554846910,220,63,3.767967,0,8.446903,0.000000,0.000000,16.000000,22.000000,31.000000,63.000000
1554846920,467,104,4.172293,0,10.576593,0.000000,0.000000,22.000000,41.000000,63.000000,104.000000
1554846930,748,117,4.392889,0,12.991773,0.000000,0.000000,22.000000,44.000000,67.000000,117.000000
1554846940,1023,200,4.880844,0,14.994481,0.000000,0.000000,22.000000,44.000000,68.000000,200.000000
1554846950,1289,200,5.013480,0,14.216809,0.000000,11.000000,22.000000,44.000000,67.000000,200.000000
1554846960,1541,200,5.298391,0,14.400496,0.000000,11.000000,22.000000,41.000000,67.000000,126.000000
1554846970,1798,200,5.539791,0,14.941074,0.000000,11.000000,25.000000,51.000000,78.000000,126.000000
