t,count,max,mean,min,stddev,p50,p75,p95,p98,p99,p999
1554846900,11,1320,904.135524,440,297.629192,880.000000,1142.000000,1320.000000,1320.000000,1320.000000,1320.000000
1554846910,49,1765,545.772592,89,546.065948,267.000000,791.000000,1760.000000,1765.000000,1765.000000,1765.000000
1554846920,70,1765,466.005440,89,499.992367,267.000000,529.000000,1760.000000,1765.000000,1765.000000,1765.000000
1554846930,113,1765,437.092500,89,384.742885,351.000000,440.000000,1671.000000,1765.000000,1765.000000,1765.000000
1554846940,144,1765,400.487479,89,369.274619,351.000000,440.000000,1142.000000,1760.000000,1765.000000,1765.000000
1554846950,176,1765,369.937053,89,342.714436,351.000000,440.000000,880.000000,1671.000000,1765.000000,1765.000000
1554846960,223,1765,388.715082,89,320.465216,351.000000,440.000000,791.000000,1671.000000,1760.000000,1765.000000
1554846970,258,1765,420.890386,89,317.529084,440.000000,702.000000,1053.000000,1231.000000,1671.000000,1765.000000
