t,count,max,mean,min,stddev,p50,p75,p95,p98,p99,p999
1554846910,1,14,14.000000,14,0.000000,14.000000,14.000000,14.000000,14.000000,14.000000,14.000000
1554846920,5,31,18.839783,11,8.691679,14.000000,28.000000,31.000000,31.000000,31.000000,31.000000
1554846930,10,958,268.530450,11,381.295769,22.000000,526.000000,958.000000,958.000000,958.000000,958.000000
1554846940,15,958,210.608879,10,330.673683,22.000000,509.000000,958.000000,958.000000,958.000000,958.000000
1554846950,20,958,243.372164,8,340.362060,29.000000,509.000000,931.000000,958.000000,958.000000,958.000000
1554846960,25,958,213.127867,8,313.892322,31.000000,466.000000,931.000000,958.000000,958.000000,958.000000
1554846970,30,958,166.684908,8,287.132671,24.000000,102.000000,931.000000,958.000000,958.000000,958.000000
