t,count,max,mean,min,stddev,p50,p75,p95,p98,p99,p999
1554846920,0,0,0.000000,0,0.000000,0.000000,0.000000,0.000000,0.000000,0.000000,0.000000
1554846930,0,0,0.000000,0,0.000000,0.000000,0.000000,0.000000,0.000000,0.000000,0.000000
1554846940,1,809,809.000000,809,0.000000,809.000000,809.000000,809.000000,809.000000,809.000000,809.000000
1554846950,3,809,491.177986,165,263.331070,576.000000,809.000000,809.000000,809.000000,809.000000,809.000000
1554846960,4,809,542.125594,165,238.197034,576.000000,674.000000,809.000000,809.000000,809.000000,809.000000
1554846970,4,809,542.125594,165,238.197034,576.000000,674.000000,809.000000,809.000000,809.000000,809.000000
