t,count,max,mean,min,stddev,p50,p75,p95,p98,p99,p999
1554846900,105,113,35.631373,13,11.782610,33.000000,37.000000,57.000000,66.000000,71.000000,113.000000
1554846910,336,113,41.236250,1,17.239447,35.000000,52.000000,69.000000,76.000000,86.000000,113.000000
1554846920,582,115,41.085497,1,17.836817,35.000000,50.000000,71.000000,81.000000,88.000000,115.000000
1554846930,853,115,39.398374,1,17.518895,34.000000,46.000000,71.000000,81.000000,90.000000,115.000000
1554846940,1129,115,38.258345,1,16.650778,34.000000,45.000000,69.000000,80.000000,88.000000,110.000000
1554846950,1396,115,37.828790,1,16.711457,35.000000,45.000000,68.000000,82.000000,88.000000,110.000000
1554846960,1654,133,37.615911,1,17.330137,35.000000,46.000000,68.000000,83.000000,88.000000,133.000000
1554846970,1897,145,38.621222,1,20.712486,36.000000,46.000000,76.000000,93.000000,112.000000,145.000000
