t,count,max,mean,min,stddev,p50,p75,p95,p98,p99,p999
1554846910,4,27,12.726309,4,9.326227,14.000000,27.000000,27.000000,27.000000,27.000000,27.000000
1554846920,7,37,18.895171,4,11.010226,18.000000,27.000000,37.000000,37.000000,37.000000,37.000000
1554846930,11,91,28.454811,4,23.652114,23.000000,29.000000,91.000000,91.000000,91.000000,91.000000
1554846940,16,726,75.147844,4,180.695872,23.000000,29.000000,726.000000,726.000000,726.000000,726.000000
1554846950,21,726,96.055532,4,186.728186,19.000000,37.000000,500.000000,726.000000,726.000000,726.000000
1554846960,26,726,111.724040,3,212.211532,20.000000,65.000000,702.000000,726.000000,726.000000,726.000000
1554846970,30,726,108.079821,3,201.074707,19.000000,65.000000,702.000000,726.000000,726.000000,726.000000
