t,count,max,mean,min,stddev,p50,p75,p95,p98,p99,p999
1554846910,113,116,42.819051,1,22.891249,40.000000,53.000000,95.000000,105.000000,109.000000,116.000000
1554846920,378,131,39.169266,1,18.875897,36.000000,46.000000,70.000000,96.000000,109.000000,131.000000
1554846930,667,227,36.882262,1,17.665836,34.000000,42.000000,66.000000,83.000000,102.000000,227.000000
1554846940,950,227,36.272502,1,15.842636,34.000000,41.000000,65.000000,74.000000,90.000000,227.000000
1554846950,1214,154,36.450446,1,15.107406,34.000000,42.000000,65.000000,77.000000,86.000000,154.000000
1554846960,1485,215,36.476018,1,16.953484,34.000000,43.000000,66.000000,77.000000,86.000000,215.000000
1554846970,1733,215,37.904001,1,17.777587,35.000000,45.000000,68.000000,83.000000,91.000000,215.000000
