t,count,max,mean,min,stddev,p50,p75,p95,p98,p99,p999
1554846910,3,25,23.303388,22,1.242931,23.000000,25.000000,25.000000,25.000000,25.000000,25.000000
1554846920,6,904,183.388768,11,344.654217,22.000000,25.000000,904.000000,904.000000,904.000000,904.000000
1554846930,12,912,230.930856,11,338.168608,25.000000,528.000000,912.000000,912.000000,912.000000,912.000000
1554846940,17,912,190.107483,11,301.354079,23.000000,173.000000,912.000000,912.000000,912.000000,912.000000
1554846950,22,912,220.454284,11,318.123023,25.000000,488.000000,909.000000,912.000000,912.000000,912.000000
1554846960,27,912,204.306867,11,296.722257,26.000000,488.000000,909.000000,912.000000,912.000000,912.000000
1554846970,31,912,169.807058,2,277.144747,26.000000,133.000000,909.000000,912.000000,912.000000,912.000000
