t,count,max,mean,min,stddev,p50,p75,p95,p98,p99,p999
1554846910,219,104,44.865390,1,20.067812,41.000000,65.000000,84.000000,89.000000,95.000000,104.000000
1554846920,485,136,40.613379,1,18.455465,35.000000,50.000000,70.000000,88.000000,95.000000,136.000000
1554846930,762,216,38.622244,1,18.037391,35.000000,44.000000,67.000000,84.000000,91.000000,216.000000
1554846940,1046,216,37.342032,1,15.980725,34.000000,43.000000,67.000000,76.000000,88.000000,216.000000
1554846950,1306,216,37.905394,1,16.388801,35.000000,43.000000,67.000000,80.000000,91.000000,136.000000
1554846960,1566,216,38.186420,1,17.562527,35.000000,44.000000,68.000000,87.000000,92.000000,181.000000
1554846970,1818,216,38.705439,1,18.941114,36.000000,45.000000,70.000000,89.000000,102.000000,181.000000
