t,count,max,mean,min,stddev,p50,p75,p95,p98,p99,p999
1554846910,236,104,41.748314,1,18.487021,35.000000,52.000000,70.000000,85.000000,92.000000,104.000000
1554846920,503,138,39.233458,1,17.902262,34.000000,46.000000,70.000000,86.000000,103.000000,138.000000
1554846930,779,217,37.951265,1,17.384633,34.000000,43.000000,67.000000,83.000000,90.000000,217.000000
1554846940,1065,217,36.802522,1,16.220652,34.000000,42.000000,66.000000,82.000000,89.000000,217.000000
1554846950,1340,217,36.522178,1,16.844824,34.000000,42.000000,66.000000,81.000000,89.000000,189.000000
1554846960,1602,217,36.699277,1,17.252339,34.000000,43.000000,66.000000,81.000000,89.000000,175.000000
1554846970,1859,217,37.561177,1,18.319391,35.000000,45.000000,67.000000,85.000000,92.000000,175.000000
