t,count,max,mean,min,stddev,p50,p75,p95,p98,p99,p999
1552261076,0,0,0.000000,0,0.000000,0.000000,0.000000,0.000000,0.000000,0.000000,0.000000
1552261086,0,0,0.000000,0,0.000000,0.000000,0.000000,0.000000,0.000000,0.000000,0.000000
1552261096,0,0,0.000000,0,0.000000,0.000000,0.000000,0.000000,0.000000,0.000000,0.000000
1552261106,2,7,4.880144,3,1.996405,3.000000,7.000000,7.000000,7.000000,7.000000,7.000000
1552261116,2,7,4.880144,3,1.996405,3.000000,7.000000,7.000000,7.000000,7.000000,7.000000
