t,count,max,mean,min,stddev,p50,p75,p95,p98,p99,p999
1552261076,32,10,1.937879,1,1.695217,2.000000,2.000000,5.000000,10.000000,10.000000,10.000000
1552261086,362,47,4.010827,1,7.445317,2.000000,2.000000,23.000000,31.000000,34.000000,47.000000
1552261096,592,47,3.258338,1,6.099035,2.000000,2.000000,17.000000,31.000000,32.000000,47.000000
1552261106,926,50,3.139636,1,5.968780,2.000000,2.000000,13.000000,30.000000,32.000000,50.000000
1552261116,1220,50,3.092183,1,5.929830,2.000000,2.000000,12.000000,30.000000,34.000000,50.000000
