t,count,max,mean,min,stddev,p50,p75,p95,p98,p99,p999
1552261076,2,952,566.783365,204,373.831763,204.000000,952.000000,952.000000,952.000000,952.000000,952.000000
1552261086,5,952,457.997776,193,330.250183,204.000000,802.000000,952.000000,952.000000,952.000000,952.000000
1552261096,5,952,457.997776,193,330.250183,204.000000,802.000000,952.000000,952.000000,952.000000,952.000000
1552261106,6,952,404.401596,193,311.114211,204.000000,802.000000,952.000000,952.000000,952.000000,952.000000
1552261116,8,952,439.732969,188,314.812217,204.000000,809.000000,952.000000,952.000000,952.000000,952.000000
