t,count,max,mean,min,stddev,p50,p75,p95,p98,p99,p999
1552261076,32,40,31.101335,13,4.830990,32.000000,33.000000,37.000000,40.000000,40.000000,40.000000
1552261086,362,69,23.928878,1,10.554573,19.000000,32.000000,39.000000,49.000000,66.000000,69.000000
1552261096,592,69,24.829541,0,10.844928,22.000000,32.000000,43.000000,50.000000,66.000000,69.000000
1552261106,927,69,24.514500,0,10.949231,21.000000,32.000000,45.000000,49.000000,62.000000,69.000000
1552261116,1220,69,24.150379,0,11.191219,21.000000,32.000000,47.000000,50.000000,59.000000,69.000000
