t,count,max,mean,min,stddev,p50,p75,p95,p98,p99,p999
1552261076,76,49,26.094275,13,9.457243,30.000000,33.000000,42.000000,48.000000,49.000000,49.000000
1552261086,260,66,25.982621,9,10.714998,29.000000,33.000000,48.000000,50.000000,65.000000,66.000000
1552261096,465,88,24.050138,9,10.996657,18.000000,32.000000,48.000000,51.000000,65.000000,88.000000
1552261106,713,88,22.858304,9,10.933153,18.000000,32.000000,48.000000,50.000000,64.000000,88.000000
1552261116,885,88,22.908467,9,11.080851,18.000000,32.000000,48.000000,50.000000,62.000000,88.000000
