t,count,max,mean,min,stddev,p50,p75,p95,p98,p99,p999
1554846904,0,0,0.000000,0,0.000000,0.000000,0.000000,0.000000,0.000000,0.000000,0.000000
1554846914,0,0,0.000000,0,0.000000,0.000000,0.000000,0.000000,0.000000,0.000000,0.000000
1554846924,0,0,0.000000,0,0.000000,0.000000,0.000000,0.000000,0.000000,0.000000,0.000000
1554846934,0,0,0.000000,0,0.000000,0.000000,0.000000,0.000000,0.000000,0.000000,0.000000
1554846944,0,0,0.000000,0,0.000000,0.000000,0.000000,0.000000,0.000000,0.000000,0.000000
1554846954,0,0,0.000000,0,0.000000,0.000000,0.000000,0.000000,0.000000,0.000000,0.000000
1554846964,1,79,79.000000,79,0.000000,79.000000,79.000000,79.000000,79.000000,79.000000,79.000000
1554846974,1,79,79.000000,79,0.000000,79.000000,79.000000,79.000000,79.000000,79.000000,79.000000
