t,count,max,mean,min,stddev,p50,p75,p95,p98,p99,p999
1554846904,2,23,23.000000,23,0.000000,23.000000,23.000000,23.000000,23.000000,23.000000,23.000000
1554846914,6,221,62.122255,7,77.013524,25.000000,50.000000,221.000000,221.000000,221.000000,221.000000
1554846924,11,244,60.354472,4,83.542246,23.000000,50.000000,244.000000,244.000000,244.000000,244.000000
1554846934,16,244,43.392096,4,70.095502,20.000000,23.000000,244.000000,244.000000,244.000000,244.000000
1554846944,20,244,50.533190,4,76.462563,20.000000,29.000000,230.000000,244.000000,244.000000,244.000000
1554846954,24,244,43.955070,4,68.160284,20.000000,28.000000,230.000000,244.000000,244.000000,244.000000
1554846964,28,244,40.298248,4,61.282895,21.000000,28.000000,230.000000,244.000000,244.000000,244.000000
1554846974,32,420,54.715316,4,98.192115,21.000000,28.000000,244.000000,420.000000,420.000000,420.000000
