t,count,max,mean,min,stddev,p50,p75,p95,p98,p99,p999
1554846914,4,65,36.399375,2,27.737221,62.000000,65.000000,65.000000,65.000000,65.000000,65.000000
1554846924,8,65,33.324108,2,20.952761,32.000000,50.000000,65.000000,65.000000,65.000000,65.000000
1554846934,12,65,31.489378,2,16.760129,30.000000,32.000000,65.000000,65.000000,65.000000,65.000000
1554846944,16,599,87.177093,2,155.490431,31.000000,62.000000,599.000000,599.000000,599.000000,599.000000
1554846954,20,996,146.426521,2,265.826914,31.000000,180.000000,996.000000,996.000000,996.000000,996.000000
1554846964,25,996,110.011855,2,233.861625,22.000000,50.000000,599.000000,996.000000,996.000000,996.000000
1554846974,30,996,129.728949,1,259.798419,26.000000,55.000000,822.000000,996.000000,996.000000,996.000000
