t,count,max,mean,min,stddev,p50,p75,p95,p98,p99,p999
1554846894,2,583,314.094693,37,272.969290,583.000000,583.000000,583.000000,583.000000,583.000000,583.000000
1554846904,4,583,160.062271,15,241.832714,15.000000,37.000000,583.000000,583.000000,583.000000,583.000000
1554846914,9,583,83.005132,13,164.408611,29.000000,47.000000,583.000000,583.000000,583.000000,583.000000
1554846924,14,787,116.262480,11,238.205681,15.000000,47.000000,787.000000,787.000000,787.000000,787.000000
1554846934,18,787,88.736161,2,207.281307,15.000000,45.000000,787.000000,787.000000,787.000000,787.000000
1554846944,23,787,110.926423,2,242.471959,17.000000,45.000000,774.000000,787.000000,787.000000,787.000000
1554846954,28,787,87.009647,2,214.187541,15.000000,37.000000,774.000000,787.000000,787.000000,787.000000
1554846964,32,787,90.030764,2,206.329532,15.000000,37.000000,774.000000,787.000000,787.000000,787.000000
1554846974,36,787,127.172807,2,241.382111,22.000000,45.000000,786.000000,787.000000,787.000000,787.000000
