t,count,max,mean,min,stddev,p50,p75,p95,p98,p99,p999
1554846914,212,118,46.456498,1,20.312091,44.000000,66.000000,75.000000,87.000000,104.000000,118.000000
1554846924,482,119,40.765544,1,17.922111,35.000000,49.000000,69.000000,84.000000,93.000000,119.000000
1554846934,764,119,38.565966,1,16.101399,34.000000,44.000000,68.000000,82.000000,88.000000,119.000000
1554846944,1048,119,37.321638,1,15.479460,34.000000,43.000000,67.000000,80.000000,86.000000,118.000000
1554846954,1309,112,37.385889,1,15.371215,34.000000,43.000000,67.000000,81.000000,85.000000,112.000000
1554846964,1562,119,37.956585,1,16.060765,35.000000,45.000000,67.000000,81.000000,85.000000,119.000000
1554846974,1828,146,38.049983,1,16.705736,35.000000,45.000000,68.000000,83.000000,98.000000,146.000000
