t,count,max,mean,min,stddev,p50,p75,p95,p98,p99,p999
1554846894,75,85,37.148308,15,13.082205,33.000000,34.000000,67.000000,68.000000,85.000000,85.000000
1554846904,313,89,40.911812,1,16.666986,34.000000,51.000000,67.000000,70.000000,83.000000,89.000000
1554846914,555,108,40.980313,1,17.028406,34.000000,51.000000,68.000000,78.000000,85.000000,108.000000
1554846924,830,108,39.196976,1,16.494356,34.000000,46.000000,68.000000,78.000000,88.000000,108.000000
1554846934,1106,108,37.966666,1,15.592484,34.000000,43.000000,67.000000,76.000000,85.000000,107.000000
1554846944,1387,129,36.931136,1,15.121455,34.000000,42.000000,67.000000,72.000000,84.000000,129.000000
1554846954,1647,129,37.559423,1,16.125264,34.000000,43.000000,67.000000,77.000000,83.000000,129.000000
1554846964,1925,129,36.991000,1,16.817774,34.000000,44.000000,68.000000,80.000000,84.000000,129.000000
1554846974,2184,176,37.768279,1,18.909440,35.000000,46.000000,68.000000,82.000000,107.000000,176.000000
