t,count,max,mean,min,stddev,p50,p75,p95,p98,p99,p999
1554846914,4,706,193.696986,18,294.961370,28.000000,28.000000,706.000000,706.000000,706.000000,706.000000
1554846924,7,706,199.139569,18,231.979379,30.000000,297.000000,706.000000,706.000000,706.000000,706.000000
1554846934,12,706,114.172382,13,191.929168,26.000000,32.000000,706.000000,706.000000,706.000000,706.000000
1554846944,16,706,109.410066,12,173.969297,29.000000,33.000000,300.000000,706.000000,706.000000,706.000000
1554846954,20,709,137.443531,12,217.175866,30.000000,58.000000,709.000000,709.000000,709.000000,709.000000
1554846964,26,975,150.726819,7,263.958309,30.000000,75.000000,709.000000,975.000000,975.000000,975.000000
1554846974,30,975,153.782463,7,252.831103,33.000000,77.000000,709.000000,975.000000,975.000000,975.000000
