t,count,max,mean,min,stddev,p50,p75,p95,p98,p99,p999
1554847741,1,6,6.000000,6,0.000000,6.000000,6.000000,6.000000,6.000000,6.000000,6.000000
1554847751,4,420,132.598907,5,178.737032,58.000000,420.000000,420.000000,420.000000,420.000000,420.000000
1554847761,9,420,110.185842,5,167.388083,19.000000,58.000000,420.000000,420.000000,420.000000,420.000000
1554847771,14,420,72.408859,5,136.377620,18.000000,22.000000,420.000000,420.000000,420.000000,420.000000
1554847781,18,420,82.686025,1,148.725706,18.000000,22.000000,420.000000,420.000000,420.000000,420.000000
1554847791,22,914,117.622097,1,237.033283,17.000000,22.000000,914.000000,914.000000,914.000000,914.000000
1554847801,27,914,89.547714,1,209.444054,16.000000,19.000000,420.000000,914.000000,914.000000,914.000000
1554847811,31,914,100.750172,1,219.245677,14.000000,19.000000,591.000000,914.000000,914.000000,914.000000
1554847821,36,914,79.768276,1,197.931515,10.000000,18.000000,591.000000,914.000000,914.000000,914.000000
1554847831,41,914,82.964550,1,190.030513,14.000000,19.000000,591.000000,914.000000,914.000000,914.000000
1554847841,44,999,129.560756,1,259.700907,16.000000,19.000000,914.000000,999.000000,999.000000,999.000000
1554847851,49,999,138.401527,1,274.121938,11.000000,19.000000,808.000000,999.000000,999.000000,999.000000
1554847861,52,999,170.015952,1,309.266378,13.000000,189.000000,989.000000,999.000000,999.000000,999.000000
1554847871,54,999,163.720175,1,297.189787,15.000000,182.000000,989.000000,999.000000,999.000000,999.000000
1554847881,59,999,136.001414,1,272.752812,15.000000,32.000000,989.000000,999.000000,999.000000,999.000000
1554847891,63,999,166.575111,1,278.557825,16.000000,182.000000,914.000000,989.000000,999.000000,999.000000
1554847901,68,999,160.091400,1,269.948539,16.000000,182.000000,808.000000,989.000000,999.000000,999.000000
1554847911,73,999,140.569289,1,250.189860,18.000000,168.000000,591.000000,989.000000,999.000000,999.000000
1554847921,78,999,125.112488,1,232.094456,18.000000,166.000000,577.000000,989.000000,989.000000,999.000000
