t,count,max,mean,min,stddev,p50,p75,p95,p98,p99,p999
1554846908,101,88,5.336276,0,12.704570,0.000000,11.000000,22.000000,60.000000,88.000000,88.000000
1554846918,319,88,6.102527,0,12.001254,0.000000,11.000000,22.000000,56.000000,56.000000,88.000000
1554846928,597,111,5.216552,0,12.506571,0.000000,11.000000,22.000000,44.000000,61.000000,111.000000
1554846938,868,126,4.884660,0,12.461330,0.000000,11.000000,22.000000,35.000000,60.000000,126.000000
1554846948,1116,211,5.302505,0,14.691355,0.000000,11.000000,22.000000,35.000000,71.000000,211.000000
1554846958,1373,211,4.794480,0,13.747333,0.000000,11.000000,22.000000,33.000000,61.000000,211.000000
1554846968,1607,211,5.507449,0,15.169176,0.000000,11.000000,22.000000,47.000000,71.000000,134.000000
