t,count,max,mean,min,stddev,p50,p75,p95,p98,p99,p999
1554846908,80,67,6.725901,0,13.235185,0.000000,11.000000,40.000000,47.000000,67.000000,67.000000
1554846918,322,79,6.227066,0,12.437109,0.000000,11.000000,33.000000,47.000000,56.000000,79.000000
1554846928,587,126,5.989351,0,14.929597,0.000000,11.000000,33.000000,47.000000,79.000000,126.000000
1554846938,869,128,5.507233,0,14.345703,0.000000,9.000000,28.000000,47.000000,71.000000,128.000000
1554846948,1126,128,5.931805,0,15.089692,0.000000,11.000000,31.000000,47.000000,90.000000,128.000000
1554846958,1373,128,5.722364,0,15.003803,0.000000,11.000000,24.000000,47.000000,100.000000,126.000000
1554846968,1610,128,6.590190,0,16.521492,0.000000,11.000000,33.000000,67.000000,100.000000,126.000000
