t,count,max,mean,min,stddev,p50,p75,p95,p98,p99,p999
1554846908,9,56,12.333333,0,16.234394,11.000000,11.000000,56.000000,56.000000,56.000000,56.000000
1554846918,252,60,5.658337,0,10.331626,0.000000,11.000000,25.000000,35.000000,56.000000,60.000000
1554846928,528,128,4.305045,0,10.530224,0.000000,0.000000,22.000000,33.000000,44.000000,128.000000
1554846938,800,128,4.829308,0,11.998920,0.000000,11.000000,25.000000,40.000000,58.000000,128.000000
1554846948,1060,200,5.667117,0,14.981452,0.000000,11.000000,25.000000,44.000000,78.000000,200.000000
1554846958,1305,200,5.589232,0,14.075176,0.000000,11.000000,25.000000,46.000000,65.000000,200.000000
1554846968,1532,200,5.576336,0,14.143475,0.000000,11.000000,25.000000,47.000000,68.000000,200.000000
