t,count,max,mean,min,stddev,p50,p75,p95,p98,p99,p999
1554846908,96,68,7.737929,0,13.219392,0.000000,11.000000,33.000000,63.000000,68.000000,68.000000
1554846918,336,75,5.770596,0,11.691871,0.000000,11.000000,31.000000,44.000000,63.000000,75.000000
1554846928,586,133,6.126201,0,14.865802,0.000000,11.000000,33.000000,60.000000,71.000000,133.000000
1554846938,852,211,6.293107,0,16.966472,0.000000,11.000000,31.000000,61.000000,75.000000,211.000000
1554846948,1106,211,5.918547,0,15.300279,0.000000,11.000000,31.000000,44.000000,71.000000,211.000000
1554846958,1349,113,7.487819,0,14.685506,0.000000,11.000000,43.000000,46.000000,57.000000,104.000000
1554846968,1559,174,9.003771,0,16.965754,0.000000,11.000000,44.000000,48.000000,63.000000,174.000000
