t,count,max,mean,min,stddev,p50,p75,p95,p98,p99,p999
1554846908,95,58,4.558411,0,9.631714,0.000000,10.000000,22.000000,37.000000,58.000000,58.000000
1554846918,342,187,5.504851,0,15.641414,0.000000,0.000000,26.000000,44.000000,67.000000,187.000000
1554846928,590,187,5.927507,0,16.716575,0.000000,11.000000,31.000000,47.000000,87.000000,187.000000
1554846938,877,200,5.644452,0,17.016693,0.000000,3.000000,25.000000,47.000000,104.000000,200.000000
1554846948,1128,200,5.216075,0,15.532390,0.000000,0.000000,22.000000,44.000000,71.000000,200.000000
1554846958,1383,200,5.116580,0,14.289248,0.000000,11.000000,22.000000,40.000000,71.000000,159.000000
1554846968,1613,200,6.096920,0,15.227586,0.000000,11.000000,25.000000,56.000000,79.000000,159.000000
