t,count,max,mean,min,stddev,p50,p75,p95,p98,p99,p999
1554846908,104,33,3.613020,0,7.958892,0.000000,0.000000,22.000000,31.000000,33.000000,33.000000
1554846918,352,67,5.045405,0,9.290608,0.000000,11.000000,25.000000,33.000000,33.000000,67.000000
1554846928,640,128,4.373520,0,11.866149,0.000000,0.000000,22.000000,33.000000,44.000000,128.000000
1554846938,920,128,4.501247,0,12.908267,0.000000,0.000000,22.000000,33.000000,56.000000,128.000000
1554846948,1190,200,4.958961,0,15.419401,0.000000,0.000000,22.000000,40.000000,100.000000,200.000000
1554846958,1436,200,4.792888,0,15.109382,0.000000,0.000000,22.000000,33.000000,67.000000,200.000000
1554846968,1656,200,5.176518,0,14.705789,0.000000,1.000000,22.000000,40.000000,67.000000,131.000000
