t,count,max,mean,min,stddev,p50,p75,p95,p98,p99,p999
1554846908,4,1320,1320.000000,1320,0.000000,1320.000000,1320.000000,1320.000000,1320.000000,1320.000000,1320.000000
1554846918,55,1671,456.400594,89,528.512654,178.000000,351.000000,1671.000000,1671.000000,1671.000000,1671.000000
1554846928,82,1671,389.438641,89,439.668577,267.000000,440.000000,1671.000000,1671.000000,1671.000000,1671.000000
1554846938,139,1671,394.182579,89,330.251221,351.000000,440.000000,1320.000000,1671.000000,1671.000000,1671.000000
1554846948,181,1671,365.155260,89,325.510556,351.000000,440.000000,791.000000,1671.000000,1671.000000,1671.000000
1554846958,222,1671,336.668329,89,300.610100,351.000000,440.000000,791.000000,1320.000000,1671.000000,1671.000000
1554846968,282,1671,366.730988,89,290.810524,351.000000,440.000000,791.000000,1320.000000,1671.000000,1671.000000
