t,count,max,mean,min,stddev,p50,p75,p95,p98,p99,p999
1554846918,163,132,40.692501,0,21.688410,35.000000,46.000000,92.000000,98.000000,130.000000,132.000000
1554846928,420,181,39.563761,0,19.744067,34.000000,43.000000,76.000000,95.000000,98.000000,181.000000
1554846938,706,181,37.409351,0,16.482802,34.000000,41.000000,69.000000,84.000000,97.000000,181.000000
1554846948,974,181,37.444735,0,17.132739,34.000000,41.000000,69.000000,84.000000,97.000000,167.000000
1554846958,1253,171,36.855266,0,16.783308,34.000000,42.000000,67.000000,81.000000,92.000000,171.000000
1554846968,1519,171,37.124398,0,17.382082,35.000000,43.000000,69.000000,81.000000,92.000000,171.000000
