t,count,max,mean,min,stddev,p50,p75,p95,p98,p99,p999
1554846908,85,160,53.969480,3,24.260803,57.000000,67.000000,87.000000,122.000000,160.000000,160.000000
1554846918,336,160,42.771743,1,21.863208,38.000000,52.000000,83.000000,102.000000,122.000000,160.000000
1554846928,609,218,39.676822,1,19.989463,34.000000,45.000000,71.000000,92.000000,106.000000,218.000000
1554846938,894,218,37.918407,1,17.289329,34.000000,42.000000,67.000000,84.000000,97.000000,218.000000
1554846948,1162,160,37.093285,0,15.493135,34.000000,42.000000,66.000000,79.000000,88.000000,150.000000
1554846958,1418,189,37.916356,0,16.947595,35.000000,43.000000,68.000000,84.000000,92.000000,189.000000
1554846968,1680,189,38.143026,0,17.174782,35.000000,44.000000,70.000000,84.000000,92.000000,189.000000
