t,count,max,mean,min,stddev,p50,p75,p95,p98,p99,p999
1554846908,1,79,79.000000,79,0.000000,79.000000,79.000000,79.000000,79.000000,79.000000,79.000000
1554846918,6,869,381.000702,7,377.223796,79.000000,869.000000,869.000000,869.000000,869.000000,869.000000
1554846928,11,869,246.132596,3,328.667329,28.000000,488.000000,869.000000,869.000000,869.000000,869.000000
1554846938,16,869,263.815175,3,328.774022,33.000000,476.000000,869.000000,869.000000,869.000000,869.000000
1554846948,21,869,218.627491,3,301.744591,33.000000,476.000000,869.000000,869.000000,869.000000,869.000000
1554846958,26,869,164.130540,3,276.101722,21.000000,97.000000,869.000000,869.000000,869.000000,869.000000
1554846968,30,869,135.693409,1,254.844446,11.000000,66.000000,857.000000,869.000000,869.000000,869.000000
