t,count,max,mean,min,stddev,p50,p75,p95,p98,p99,p999
1554846908,96,133,47.628683,0,24.384514,43.000000,66.000000,89.000000,123.000000,133.000000,133.000000
1554846918,335,135,43.062367,0,21.725484,38.000000,54.000000,83.000000,99.000000,113.000000,135.000000
1554846928,619,135,39.090278,0,18.445825,34.000000,47.000000,68.000000,87.000000,99.000000,135.000000
1554846938,884,135,38.537422,0,17.345140,34.000000,44.000000,68.000000,85.000000,95.000000,133.000000
1554846948,1146,135,38.250227,0,16.299133,34.000000,44.000000,67.000000,83.000000,94.000000,133.000000
1554846958,1396,133,38.691684,1,16.084614,35.000000,46.000000,68.000000,82.000000,91.000000,111.000000
1554846968,1642,133,39.206368,1,16.811050,36.000000,47.000000,70.000000,82.000000,91.000000,111.000000
