t,count,max,mean,min,stddev,p50,p75,p95,p98,p99,p999
1554846908,0,0,0.000000,0,0.000000,0.000000,0.000000,0.000000,0.000000,0.000000,0.000000
1554846918,0,0,0.000000,0,0.000000,0.000000,0.000000,0.000000,0.000000,0.000000,0.000000
1554846928,0,0,0.000000,0,0.000000,0.000000,0.000000,0.000000,0.000000,0.000000,0.000000
1554846938,1,892,892.000000,892,0.000000,892.000000,892.000000,892.000000,892.000000,892.000000,892.000000
1554846948,1,892,892.000000,892,0.000000,892.000000,892.000000,892.000000,892.000000,892.000000,892.000000
1554846958,1,892,892.000000,892,0.000000,892.000000,892.000000,892.000000,892.000000,892.000000,892.000000
1554846968,1,892,892.000000,892,0.000000,892.000000,892.000000,892.000000,892.000000,892.000000,892.000000
