t,count,max,mean,min,stddev,p50,p75,p95,p98,p99,p999
1554846918,0,0,0.000000,0,0.000000,0.000000,0.000000,0.000000,0.000000,0.000000,0.000000
1554846928,0,0,0.000000,0,0.000000,0.000000,0.000000,0.000000,0.000000,0.000000,0.000000
1554846938,1,0,0.000000,0,0.000000,0.000000,0.000000,0.000000,0.000000,0.000000,0.000000
1554846948,2,598,310.207247,0,298.789889,598.000000,598.000000,598.000000,598.000000,598.000000,598.000000
1554846958,2,598,310.207247,0,298.789889,598.000000,598.000000,598.000000,598.000000,598.000000,598.000000
1554846968,2,598,310.207247,0,298.789889,598.000000,598.000000,598.000000,598.000000,598.000000,598.000000
