t,count,max,mean,min,stddev,p50,p75,p95,p98,p99,p999
1554846908,2,976,533.190893,63,456.294652,976.000000,976.000000,976.000000,976.000000,976.000000,976.000000
1554846918,7,976,301.900918,7,363.190095,63.000000,740.000000,976.000000,976.000000,976.000000,976.000000
1554846928,12,976,199.358870,1,300.382948,33.000000,324.000000,976.000000,976.000000,976.000000,976.000000
1554846938,17,976,209.656836,1,292.589447,44.000000,324.000000,753.000000,976.000000,976.000000,976.000000
1554846948,21,976,187.839504,1,272.295386,33.000000,324.000000,753.000000,976.000000,976.000000,976.000000
1554846958,26,976,144.558390,1,245.241258,32.000000,63.000000,753.000000,976.000000,976.000000,976.000000
1554846968,31,976,156.596451,1,277.489062,31.000000,54.000000,937.000000,976.000000,976.000000,976.000000
