t,count,max,mean,min,stddev,p50,p75,p95,p98,p99,p999
1554846908,3,29,20.315636,5,10.858073,27.000000,29.000000,29.000000,29.000000,29.000000,29.000000
1554846918,6,77,41.586321,5,23.421761,44.000000,60.000000,77.000000,77.000000,77.000000,77.000000
1554846928,11,77,28.214843,5,24.393393,27.000000,48.000000,77.000000,77.000000,77.000000,77.000000
1554846938,15,77,28.466711,5,22.220839,24.000000,48.000000,77.000000,77.000000,77.000000,77.000000
1554846948,19,565,63.610863,4,139.836553,24.000000,48.000000,565.000000,565.000000,565.000000,565.000000
1554846958,24,565,49.450619,4,120.627051,14.000000,29.000000,565.000000,565.000000,565.000000,565.000000
1554846968,27,565,44.528254,4,110.967033,14.000000,28.000000,77.000000,565.000000,565.000000,565.000000
