t,count,max,mean,min,stddev,p50,p75,p95,p98,p99,p999
1554846908,93,140,48.941181,8,22.369908,45.000000,66.000000,91.000000,108.000000,140.000000,140.000000
1554846918,342,140,42.090946,1,19.185069,36.000000,50.000000,77.000000,95.000000,103.000000,140.000000
1554846928,633,140,38.115974,1,15.996135,34.000000,43.000000,67.000000,78.000000,95.000000,140.000000
1554846938,914,140,37.160284,1,14.665346,34.000000,41.000000,67.000000,77.000000,87.000000,126.000000
1554846948,1191,140,36.561380,1,14.525609,34.000000,42.000000,67.000000,77.000000,83.000000,126.000000
1554846958,1463,140,36.528147,1,13.693464,34.000000,42.000000,66.000000,73.000000,78.000000,98.000000
1554846968,1726,140,36.693819,1,14.398099,34.000000,43.000000,65.000000,75.000000,80.000000,98.000000
