t,count,max,mean,min,stddev,p50,p75,p95,p98,p99,p999
1554846908,0,0,0.000000,0,0.000000,0.000000,0.000000,0.000000,0.000000,0.000000,0.000000
1554846918,0,0,0.000000,0,0.000000,0.000000,0.000000,0.000000,0.000000,0.000000,0.000000
1554846928,0,0,0.000000,0,0.000000,0.000000,0.000000,0.000000,0.000000,0.000000,0.000000
1554846938,1,812,812.000000,812,0.000000,812.000000,812.000000,812.000000,812.000000,812.000000,812.000000
1554846948,2,812,451.328912,176,315.124068,176.000000,812.000000,812.000000,812.000000,812.000000,812.000000
1554846958,2,812,451.328912,176,315.124068,176.000000,812.000000,812.000000,812.000000,812.000000,812.000000
1554846968,2,812,451.328912,176,315.124068,176.000000,812.000000,812.000000,812.000000,812.000000,812.000000
