t,count,max,mean,min,stddev,p50,p75,p95,p98,p99,p999
1554847761,4,1403,808.102541,179,591.223862,1378.000000,1378.000000,1403.000000,1403.000000,1403.000000,1403.000000
1554847771,9,1427,1012.407062,179,531.116485,1367.000000,1378.000000,1427.000000,1427.000000,1427.000000,1427.000000
1554847781,14,1427,782.454346,171,530.667888,465.000000,1369.000000,1427.000000,1427.000000,1427.000000,1427.000000
1554847791,19,1427,746.462382,11,546.870361,465.000000,1356.000000,1403.000000,1427.000000,1427.000000,1427.000000
1554847801,24,1427,665.978404,11,549.578635,327.000000,1356.000000,1403.000000,1427.000000,1427.000000,1427.000000
1554847811,29,1427,618.548563,11,533.384747,288.000000,1335.000000,1403.000000,1427.000000,1427.000000,1427.000000
1554847821,34,1427,663.996998,11,541.326658,327.000000,1335.000000,1403.000000,1427.000000,1427.000000,1427.000000
1554847831,39,1442,668.050877,11,551.598572,320.000000,1335.000000,1427.000000,1442.000000,1442.000000,1442.000000
1554847841,44,1442,667.702639,11,556.644491,320.000000,1348.000000,1403.000000,1442.000000,1442.000000,1442.000000
1554847851,49,1442,704.535671,11,555.209627,320.000000,1335.000000,1411.000000,1442.000000,1442.000000,1442.000000
1554847861,54,1442,691.739301,11,539.334702,369.000000,1328.000000,1411.000000,1442.000000,1442.000000,1442.000000
1554847871,59,1442,727.043148,11,543.192041,377.000000,1328.000000,1411.000000,1427.000000,1442.000000,1442.000000
1554847881,64,1442,767.019022,11,543.347547,444.000000,1356.000000,1403.000000,1427.000000,1442.000000,1442.000000
1554847891,69,1442,789.874541,11,526.067454,1018.000000,1348.000000,1403.000000,1411.000000,1442.000000,1442.000000
1554847901,74,1442,786.485899,0,527.647206,878.000000,1333.000000,1402.000000,1411.000000,1442.000000,1442.000000
1554847911,79,1442,771.229403,0,510.340417,666.000000,1333.000000,1402.000000,1411.000000,1427.000000,1442.000000
1554847921,84,1442,718.043920,0,505.336893,666.000000,1297.000000,1400.000000,1411.000000,1427.000000,1442.000000
